Time,Open,High,Low,Close,Vol
20260105T093500,2.660,2.672,2.642,2.664,138781360
20260105T094000,2.665,2.674,2.662,2.666,66731500
20260105T094500,2.667,2.675,2.661,2.674,60165800
20260105T095000,2.673,2.717,2.673,2.706,116871904
20260105T095500,2.708,2.722,2.706,2.716,95582496
20260105T100000,2.715,2.715,2.708,2.709,43157300
20260105T100500,2.709,2.712,2.707,2.709,35242900
20260105T101000,2.710,2.725,2.710,2.719,52677000
20260105T101500,2.719,2.731,2.718,2.720,55121100
20260105T102000,2.720,2.725,2.719,2.721,29595200
20260105T102500,2.721,2.727,2.721,2.723,21190654
20260105T103000,2.724,2.728,2.723,2.725,18611900
20260105T103500,2.725,2.734,2.725,2.732,27718700
20260105T104000,2.732,2.770,2.732,2.767,93289408
20260105T104500,2.763,2.772,2.756,2.761,67571704
20260105T105000,2.760,2.766,2.756,2.760,31288100
20260105T105500,2.759,2.763,2.759,2.762,16007400
20260105T110000,2.761,2.762,2.745,2.748,34127600
20260105T110500,2.748,2.749,2.742,2.745,23931620
20260105T111000,2.746,2.753,2.745,2.752,20812714
20260105T111500,2.751,2.755,2.749,2.749,16345112
20260105T112000,2.749,2.754,2.749,2.753,9506400
20260105T112500,2.752,2.757,2.749,2.749,16872800
20260105T113000,2.749,2.750,2.742,2.745,15073500
20260105T130500,2.745,2.754,2.745,2.751,18285800
20260105T131000,2.751,2.751,2.748,2.748,9982900
20260105T131500,2.749,2.750,2.745,2.748,12540700
20260105T132000,2.748,2.748,2.740,2.740,16502000
20260105T132500,2.740,2.744,2.740,2.742,13528600
20260105T133000,2.741,2.746,2.740,2.744,12070200
20260105T133500,2.744,2.745,2.741,2.741,5119600
20260105T134000,2.741,2.747,2.741,2.747,13150600
20260105T134500,2.747,2.748,2.745,2.746,5682600
20260105T135000,2.746,2.750,2.746,2.748,12028800
20260105T135500,2.747,2.750,2.747,2.748,7854600
20260105T140000,2.747,2.752,2.747,2.750,9851200
20260105T140500,2.751,2.757,2.751,2.756,20416800
20260105T141000,2.756,2.757,2.753,2.757,11877500
20260105T141500,2.756,2.761,2.756,2.760,20833000
20260105T142000,2.760,2.760,2.755,2.757,9275900
20260105T142500,2.757,2.759,2.756,2.758,7906500
20260105T143000,2.759,2.759,2.756,2.757,7928700
20260105T143500,2.757,2.764,2.756,2.764,17825396
20260105T144000,2.764,2.795,2.763,2.789,82868400
20260105T144500,2.787,2.788,2.776,2.776,56185500
20260105T145000,2.778,2.787,2.778,2.785,46821100
20260105T145500,2.786,2.791,2.783,2.789,53581600
20260105T150000,2.790,2.807,2.790,2.795,86821904
20260106T093500,2.793,2.879,2.781,2.877,174927200
20260106T094000,2.885,2.982,2.879,2.960,247073840
20260106T094500,2.957,2.957,2.910,2.932,193084640
20260106T095000,2.929,2.943,2.927,2.943,76613640
20260106T095500,2.943,2.959,2.938,2.942,109992728
20260106T100000,2.944,2.946,2.935,2.935,44389916
20260106T100500,2.934,2.938,2.921,2.934,70545424
20260106T101000,2.934,2.935,2.928,2.928,30519496
20260106T101500,2.928,2.928,2.913,2.913,41400384
20260106T102000,2.912,2.913,2.893,2.904,90812480
20260106T102500,2.904,2.931,2.904,2.914,86803344
20260106T103000,2.915,2.922,2.910,2.918,41789404
20260106T103500,2.919,2.919,2.907,2.910,28502648
20260106T104000,2.910,2.910,2.894,2.900,45880188
20260106T104500,2.900,2.908,2.899,2.902,39483352
20260106T105000,2.901,2.909,2.900,2.907,28803080
20260106T105500,2.906,2.919,2.905,2.913,44505388
20260106T110000,2.913,2.924,2.912,2.916,52312500
20260106T110500,2.916,2.916,2.911,2.912,18923202
20260106T111000,2.912,2.914,2.908,2.912,22218492
20260106T111500,2.912,2.918,2.912,2.916,26515990
20260106T112000,2.916,2.917,2.910,2.914,17617752
20260106T112500,2.914,2.915,2.911,2.913,12572322
20260106T113000,2.913,2.913,2.909,2.913,16232331
20260106T130500,2.921,2.927,2.917,2.918,69988704
20260106T131000,2.919,2.920,2.916,2.918,22552500
20260106T131500,2.918,2.919,2.913,2.919,22498736
20260106T132000,2.918,2.921,2.918,2.919,22798144
20260106T132500,2.919,2.919,2.916,2.916,12042686
20260106T133000,2.916,2.918,2.915,2.918,10463800
20260106T133500,2.917,2.918,2.915,2.917,10166731
20260106T134000,2.917,2.919,2.916,2.917,22709000
20260106T134500,2.916,2.916,2.905,2.905,20370488
20260106T135000,2.905,2.912,2.904,2.912,27079512
20260106T135500,2.912,2.912,2.905,2.907,16030531
20260106T140000,2.908,2.910,2.906,2.907,7532600
20260106T140500,2.907,2.909,2.905,2.909,12178529
20260106T141000,2.909,2.916,2.909,2.913,30751500
20260106T141500,2.914,2.918,2.912,2.917,22854428
20260106T142000,2.917,2.926,2.917,2.918,47669544
20260106T142500,2.918,2.922,2.917,2.922,12104300
20260106T143000,2.921,2.921,2.919,2.919,12337700
20260106T143500,2.919,2.944,2.919,2.942,85341688
20260106T144000,2.943,2.945,2.933,2.941,73874088
20260106T144500,2.942,2.945,2.937,2.940,41956200
20260106T145000,2.941,2.956,2.939,2.954,90516496
20260106T145500,2.953,2.953,2.940,2.947,63277800
20260106T150000,2.949,2.956,2.949,2.953,74415128
20260107T093500,3.104,3.230,3.103,3.148,235994704
20260107T094000,3.152,3.167,3.135,3.135,113411360
20260107T094500,3.134,3.141,3.125,3.125,71886768
20260107T095000,3.124,3.124,3.090,3.119,107656920
20260107T095500,3.121,3.139,3.116,3.118,71386896
20260107T100000,3.117,3.125,3.115,3.121,34139200
20260107T100500,3.121,3.123,3.116,3.123,25683400
20260107T101000,3.123,3.125,3.120,3.121,23754500
20260107T101500,3.120,3.121,3.117,3.120,16455014
20260107T102000,3.120,3.121,3.118,3.119,12596700
20260107T102500,3.119,3.120,3.116,3.116,12129200
20260107T103000,3.116,3.116,3.098,3.110,55275100
20260107T103500,3.112,3.112,3.105,3.111,26033592
20260107T104000,3.110,3.111,3.108,3.108,13580000
20260107T104500,3.108,3.108,3.103,3.104,12591300
20260107T105000,3.105,3.109,3.105,3.107,10767600
20260107T105500,3.107,3.114,3.107,3.114,15653700
20260107T110000,3.114,3.114,3.109,3.110,9286800
20260107T110500,3.110,3.120,3.110,3.118,25741100
20260107T111000,3.118,3.118,3.115,3.118,11304000
20260107T111500,3.119,3.136,3.119,3.129,72521504
20260107T112000,3.129,3.136,3.125,3.127,47076668
20260107T112500,3.127,3.129,3.119,3.126,27772168
20260107T113000,3.127,3.127,3.122,3.126,12584187
20260107T130500,3.119,3.120,3.094,3.112,70029400
20260107T131000,3.113,3.120,3.107,3.118,30686300
20260107T131500,3.118,3.121,3.107,3.109,30755200
20260107T132000,3.109,3.114,3.109,3.110,15845200
20260107T132500,3.110,3.111,3.103,3.104,21043700
20260107T133000,3.105,3.105,3.031,3.051,93830304
20260107T133500,3.054,3.095,3.054,3.082,86666000
20260107T134000,3.084,3.096,3.083,3.083,43031648
20260107T134500,3.082,3.082,3.060,3.074,54707320
20260107T135000,3.074,3.078,3.064,3.068,33908500
20260107T135500,3.069,3.077,3.064,3.077,34390700
20260107T140000,3.077,3.094,3.073,3.090,39445500
20260107T140500,3.089,3.096,3.085,3.085,43178600
20260107T141000,3.085,3.096,3.085,3.094,31624800
20260107T141500,3.094,3.095,3.090,3.093,20060500
20260107T142000,3.093,3.093,3.090,3.090,12766496
20260107T142500,3.091,3.092,3.089,3.090,11953142
20260107T143000,3.090,3.115,3.090,3.109,79319904
20260107T143500,3.109,3.109,3.096,3.104,41359500
20260107T144000,3.104,3.131,3.103,3.131,86560200
20260107T144500,3.132,3.137,3.125,3.125,83786928
20260107T145000,3.125,3.129,3.117,3.125,52260776
20260107T145500,3.127,3.139,3.125,3.126,97868224
20260107T150000,3.126,3.132,3.124,3.126,64017776
20260108T103500,3.126,3.439,2.850,3.091,140199264
20260108T104000,3.089,3.089,3.019,3.035,150090496
20260108T104500,3.035,3.061,3.035,3.055,67341104
20260108T105000,3.056,3.150,3.056,3.150,95361512
20260108T105500,3.151,3.159,3.114,3.126,127911904
20260108T110000,3.126,3.128,3.097,3.106,63667600
20260108T110500,3.105,3.125,3.092,3.108,48179900
20260108T111000,3.108,3.121,3.106,3.115,35220752
20260108T111500,3.117,3.118,3.104,3.110,19857100
20260108T112000,3.109,3.113,3.107,3.109,17852300
20260108T112500,3.109,3.112,3.107,3.108,12657816
20260108T113000,3.108,3.108,3.097,3.099,20753216
20260108T130500,3.098,3.113,3.098,3.111,24112600
20260108T131000,3.111,3.111,3.099,3.102,15390300
20260108T131500,3.102,3.105,3.093,3.095,17094700
20260108T132000,3.095,3.104,3.095,3.102,13589950
20260108T132500,3.102,3.107,3.100,3.100,16232850
20260108T133000,3.100,3.103,3.099,3.103,10045700
20260108T133500,3.103,3.103,3.087,3.094,20997400
20260108T134000,3.094,3.094,3.069,3.082,40344600
20260108T134500,3.081,3.084,3.069,3.069,19507700
20260108T135000,3.069,3.076,3.063,3.069,24296200
20260108T135500,3.069,3.070,3.057,3.062,31567866
20260108T140000,3.062,3.071,3.062,3.062,18012498
20260108T140500,3.061,3.067,3.060,3.061,12646900
20260108T141000,3.059,3.059,3.030,3.033,54467624
20260108T141500,3.033,3.034,3.021,3.021,41593600
20260108T142000,3.020,3.042,3.020,3.033,42798376
20260108T142500,3.033,3.045,3.029,3.036,31502600
20260108T143000,3.035,3.037,3.029,3.036,18605592
20260108T143500,3.036,3.037,3.033,3.033,15094400
20260108T144000,3.033,3.033,3.006,3.006,29598400
20260108T144500,3.004,3.017,3.004,3.009,45339172
20260108T145000,3.009,3.010,2.994,2.999,40454800
20260108T145500,2.999,3.016,2.996,3.014,46193400
20260108T150000,3.014,3.015,3.009,3.011,39649872
20260109T093500,2.979,2.979,2.930,2.946,69511088
20260109T094000,2.946,2.951,2.937,2.938,33335734
20260109T094500,2.938,2.938,2.905,2.913,58917500
20260109T095000,2.914,2.935,2.911,2.927,45095712
20260109T095500,2.928,2.931,2.922,2.928,19479512
20260109T100000,2.929,2.938,2.926,2.937,33661152
20260109T100500,2.937,2.968,2.937,2.962,66308272
20260109T101000,2.961,2.963,2.947,2.952,41939400
20260109T101500,2.951,2.951,2.939,2.948,31239028
20260109T102000,2.947,2.954,2.946,2.953,23581916
20260109T102500,2.954,2.962,2.954,2.959,27977252
20260109T103000,2.959,3.014,2.958,2.997,96498296
20260109T103500,2.998,3.010,2.992,2.999,58563576
20260109T104000,2.999,3.000,2.992,2.997,28488100
20260109T104500,2.998,2.999,2.994,2.999,18306500
20260109T105000,2.999,2.999,2.989,2.989,20409050
20260109T105500,2.987,2.993,2.974,2.978,35477968
20260109T110000,2.977,2.987,2.971,2.987,31877334
20260109T110500,2.988,2.991,2.974,2.979,27854200
20260109T111000,2.981,2.981,2.968,2.974,21478400
20260109T111500,2.974,2.984,2.973,2.980,23999898
20260109T112000,2.981,2.984,2.977,2.984,11738898
20260109T112500,2.985,2.989,2.978,2.979,22445698
20260109T113000,2.979,2.984,2.974,2.977,15270575
20260109T130500,2.978,2.978,2.964,2.964,21401124
20260109T131000,2.965,2.979,2.965,2.978,15697050
20260109T131500,2.978,2.978,2.974,2.978,14197825
20260109T132000,2.979,2.979,2.973,2.978,11859300
20260109T132500,2.978,2.979,2.972,2.972,14906100
20260109T133000,2.972,2.989,2.969,2.987,31833900
20260109T133500,2.987,2.997,2.984,2.988,44791200
20260109T134000,2.987,2.989,2.981,2.983,15292498
20260109T134500,2.983,2.989,2.983,2.984,12921099
20260109T135000,2.984,2.987,2.984,2.984,7479700
20260109T135500,2.984,2.985,2.979,2.981,10051199
20260109T140000,2.981,2.981,2.978,2.979,13913901
20260109T140500,2.978,2.982,2.978,2.981,12267125
20260109T141000,2.981,2.983,2.978,2.979,7314400
20260109T141500,2.979,2.980,2.976,2.977,8009300
20260109T142000,2.977,2.977,2.969,2.975,12679700
20260109T142500,2.975,2.979,2.973,2.978,11325000
20260109T143000,2.978,2.982,2.977,2.977,14498724
20260109T143500,2.977,2.980,2.975,2.978,8457224
20260109T144000,2.979,2.985,2.979,2.980,25547100
20260109T144500,2.981,2.984,2.980,2.980,14485900
20260109T145000,2.980,2.982,2.978,2.979,13609500
20260109T145500,2.979,2.979,2.977,2.978,15829600
20260109T150000,2.979,2.979,2.976,2.977,25684500
20260112T093500,3.012,3.110,3.010,3.066,121168800
20260112T094000,3.068,3.090,3.057,3.059,67199368
20260112T094500,3.058,3.069,3.050,3.060,60338476
20260112T095000,3.060,3.082,3.058,3.078,53923828
20260112T095500,3.079,3.086,3.077,3.084,48465820
20260112T100000,3.084,3.085,3.077,3.078,23589560
20260112T100500,3.079,3.083,3.078,3.078,13462221
20260112T101000,3.077,3.082,3.077,3.082,14858000
20260112T101500,3.082,3.084,3.079,3.079,14322800
20260112T102000,3.080,3.080,3.070,3.073,17080400
20260112T102500,3.072,3.075,3.064,3.067,18647800
20260112T103000,3.066,3.071,3.062,3.071,21554000
20260112T103500,3.072,3.078,3.065,3.073,20255100
20260112T104000,3.073,3.077,3.073,3.074,10410000
20260112T104500,3.073,3.075,3.073,3.075,5046100
20260112T105000,3.075,3.075,3.071,3.073,4297500
20260112T105500,3.073,3.075,3.071,3.072,6556900
20260112T110000,3.072,3.074,3.071,3.073,6041400
20260112T110500,3.073,3.075,3.071,3.072,5503500
20260112T111000,3.072,3.072,3.070,3.070,4969100
20260112T111500,3.070,3.072,3.070,3.070,4882500
20260112T112000,3.071,3.073,3.068,3.068,10270800
20260112T112500,3.067,3.068,3.063,3.065,15282900
20260112T113000,3.064,3.067,3.060,3.067,18695700
20260112T130500,3.067,3.068,3.061,3.065,16238336
20260112T131000,3.065,3.071,3.065,3.069,10024500
20260112T131500,3.069,3.069,3.065,3.065,6021400
20260112T132000,3.065,3.066,3.061,3.064,11897400
20260112T132500,3.064,3.065,3.061,3.065,5153800
20260112T133000,3.065,3.065,3.061,3.062,7660300
20260112T133500,3.062,3.063,3.061,3.063,3747500
20260112T134000,3.062,3.063,3.060,3.060,4833900
20260112T134500,3.060,3.060,3.054,3.055,14284000
20260112T135000,3.056,3.057,3.039,3.039,19720664
20260112T135500,3.039,3.054,3.035,3.052,27462272
20260112T140000,3.052,3.052,3.045,3.049,11973200
20260112T140500,3.049,3.053,3.049,3.050,10481600
20260112T141000,3.051,3.058,3.051,3.054,17500256
20260112T141500,3.055,3.062,3.054,3.062,15197757
20260112T142000,3.062,3.063,3.059,3.060,9323736
20260112T142500,3.060,3.060,3.054,3.054,6287400
20260112T143000,3.054,3.059,3.054,3.059,6298600
20260112T143500,3.059,3.059,3.053,3.053,8462900
20260112T144000,3.052,3.058,3.050,3.057,9451564
20260112T144500,3.058,3.059,3.057,3.058,10390000
20260112T145000,3.058,3.066,3.057,3.065,28473904
20260112T145500,3.064,3.068,3.061,3.066,29958700
20260112T150000,3.067,3.071,3.065,3.068,34469300
20260113T093500,3.069,3.110,3.030,3.031,74843504
20260113T094000,3.030,3.046,3.006,3.037,61990572
20260113T094500,3.038,3.047,3.024,3.030,44310808
20260113T095000,3.030,3.048,3.030,3.037,28426100
20260113T095500,3.037,3.041,3.031,3.031,13927193
20260113T100000,3.031,3.032,3.024,3.029,18277300
20260113T100500,3.029,3.032,3.026,3.030,11616057
20260113T101000,3.030,3.031,3.027,3.027,7894800
20260113T101500,3.027,3.028,3.021,3.021,10910157
20260113T102000,3.020,3.021,3.015,3.016,14880900
20260113T102500,3.016,3.018,3.011,3.013,11544600
20260113T103000,3.013,3.015,3.011,3.013,9172000
20260113T103500,3.012,3.013,2.994,2.996,23298602
20260113T104000,2.997,3.006,2.994,2.999,19763106
20260113T104500,2.999,3.009,2.998,3.008,15009004
20260113T105000,3.008,3.025,3.008,3.020,27939900
20260113T105500,3.020,3.020,3.007,3.010,13296600
20260113T110000,3.009,3.013,3.006,3.007,7850300
20260113T110500,3.006,3.007,3.000,3.005,9670000
20260113T111000,3.004,3.009,3.003,3.008,8216400
20260113T111500,3.007,3.010,3.004,3.005,5810900
20260113T112000,3.005,3.007,3.004,3.004,5440600
20260113T112500,3.004,3.005,3.001,3.002,5463900
20260113T113000,3.001,3.005,3.001,3.004,5422611
20260113T130500,3.004,3.012,3.003,3.012,9319400
20260113T131000,3.012,3.014,3.005,3.005,8177200
20260113T131500,3.005,3.007,3.004,3.005,3796700
20260113T132000,3.005,3.005,3.002,3.003,5024500
20260113T132500,3.003,3.003,2.999,3.002,9838458
20260113T133000,3.002,3.003,2.999,3.003,5190724
20260113T133500,3.003,3.003,2.997,2.997,7048742
20260113T134000,2.997,3.001,2.997,3.001,4154484
20260113T134500,3.001,3.007,3.000,3.007,9493465
20260113T135000,3.006,3.007,3.003,3.006,4371103
20260113T135500,3.006,3.009,3.004,3.009,7406900
20260113T140000,3.009,3.009,3.004,3.004,6955284
20260113T140500,3.005,3.006,3.003,3.004,3660000
20260113T141000,3.004,3.006,3.003,3.005,3122800
20260113T141500,3.005,3.006,3.002,3.003,3953400
20260113T142000,3.002,3.003,3.000,3.002,4007300
20260113T142500,3.001,3.003,3.000,3.001,4044300
20260113T143000,3.001,3.003,2.999,2.999,3897900
20260113T143500,2.998,3.003,2.998,3.002,6529300
20260113T144000,3.002,3.002,2.998,2.998,5511700
20260113T144500,2.999,2.999,2.996,2.996,5434000
20260113T145000,2.996,2.997,2.983,2.992,17722398
20260113T145500,2.993,3.002,2.993,2.999,14679449
20260113T150000,2.999,3.002,2.999,3.001,20476156
20260114T093500,3.028,3.050,3.027,3.045,70638496
20260114T094000,3.048,3.048,3.025,3.026,35758400
20260114T094500,3.025,3.036,3.024,3.033,27443696
20260114T095000,3.033,3.035,3.027,3.027,18213502
20260114T095500,3.026,3.029,3.022,3.025,14351100
20260114T100000,3.025,3.037,3.025,3.037,24247098
20260114T100500,3.037,3.043,3.036,3.040,28906704
20260114T101000,3.040,3.045,3.035,3.037,29868556
20260114T101500,3.037,3.041,3.037,3.037,10001500
20260114T102000,3.037,3.037,3.030,3.034,13939898
20260114T102500,3.034,3.034,3.031,3.033,8228700
20260114T103000,3.033,3.037,3.033,3.036,9723701
20260114T103500,3.036,3.036,3.033,3.034,6543700
20260114T104000,3.034,3.034,3.032,3.033,5776400
20260114T104500,3.033,3.034,3.032,3.033,4872400
20260114T105000,3.033,3.034,3.032,3.033,3915000
20260114T105500,3.033,3.033,3.030,3.031,6802000
20260114T110000,3.032,3.036,3.031,3.034,11325100
20260114T110500,3.035,3.035,3.032,3.033,4091500
20260114T111000,3.032,3.034,3.032,3.033,4189157
20260114T111500,3.033,3.035,3.032,3.032,5577300
20260114T112000,3.032,3.033,3.031,3.032,4021600
20260114T112500,3.032,3.033,3.032,3.032,2513400
20260114T113000,3.032,3.032,3.030,3.031,4523000
20260114T130500,3.031,3.032,3.017,3.026,24742700
20260114T131000,3.027,3.027,3.006,3.011,22850856
20260114T131500,3.012,3.020,3.011,3.012,16350434
20260114T132000,3.011,3.013,2.988,3.009,38352984
20260114T132500,3.009,3.013,3.002,3.007,23108068
20260114T133000,3.008,3.010,2.999,3.009,19603564
20260114T133500,3.009,3.011,3.006,3.006,14082034
20260114T134000,3.006,3.015,3.005,3.011,22746096
20260114T134500,3.010,3.013,3.006,3.006,11979534
20260114T135000,3.005,3.006,3.001,3.001,11619900
20260114T135500,3.000,3.003,3.000,3.000,12942938
20260114T140000,3.001,3.001,2.978,2.983,29717662
20260114T140500,2.982,2.993,2.976,2.993,29216000
20260114T141000,2.990,2.990,2.975,2.983,21782400
20260114T141500,2.983,2.988,2.981,2.983,17210434
20260114T142000,2.983,2.985,2.981,2.984,9887038
20260114T142500,2.984,2.988,2.983,2.986,10047771
20260114T143000,2.986,2.989,2.985,2.986,7165238
20260114T143500,2.986,2.988,2.983,2.983,7095500
20260114T144000,2.984,2.984,2.981,2.982,7188500
20260114T144500,2.983,2.985,2.982,2.985,6805800
20260114T145000,2.984,2.985,2.981,2.982,8380700
20260114T145500,2.982,2.989,2.982,2.989,14537671
20260114T150000,2.990,2.992,2.988,2.991,22791000
20260115T093500,2.971,3.006,2.968,2.998,41347800
20260115T094000,2.997,2.997,2.988,2.988,17267400
20260115T094500,2.988,2.988,2.979,2.979,16098100
20260115T095000,2.979,2.980,2.971,2.978,19008400
20260115T095500,2.977,2.979,2.973,2.977,9679600
20260115T100000,2.976,2.986,2.976,2.984,12116500
20260115T100500,2.984,2.984,2.976,2.976,6553600
20260115T101000,2.976,2.978,2.974,2.977,5869500
20260115T101500,2.977,2.977,2.973,2.974,4309000
20260115T102000,2.974,2.975,2.972,2.972,4803100
20260115T102500,2.971,2.972,2.966,2.966,8462800
20260115T103000,2.967,2.967,2.956,2.957,11000400
20260115T103500,2.957,2.967,2.956,2.965,10630400
20260115T104000,2.965,2.969,2.964,2.964,6621000
20260115T104500,2.964,2.966,2.960,2.961,5702000
20260115T105000,2.961,2.964,2.960,2.964,4692298
20260115T105500,2.963,2.964,2.960,2.963,3514800
20260115T110000,2.962,2.963,2.961,2.962,2560800
20260115T110500,2.962,2.965,2.960,2.963,7577600
20260115T111000,2.963,2.967,2.962,2.963,6641400
20260115T111500,2.964,2.964,2.960,2.960,2289000
20260115T112000,2.961,2.961,2.959,2.960,2704300
20260115T112500,2.960,2.961,2.954,2.954,3505800
20260115T113000,2.954,2.955,2.951,2.953,7773500
20260115T130500,2.953,2.957,2.951,2.955,10829100
20260115T131000,2.955,2.960,2.954,2.959,7962000
20260115T131500,2.959,2.970,2.958,2.969,20399636
20260115T132000,2.970,2.977,2.969,2.969,25230000
20260115T132500,2.970,2.982,2.966,2.981,19208148
20260115T133000,2.980,3.014,2.980,3.002,102921200
20260115T133500,3.003,3.008,3.000,3.008,46191296
20260115T134000,3.008,3.017,3.001,3.011,54799084
20260115T134500,3.011,3.043,3.011,3.032,114625248
20260115T135000,3.032,3.053,3.030,3.048,103166112
20260115T135500,3.047,3.048,3.036,3.040,50975400
20260115T140000,3.040,3.041,3.028,3.033,46737848
20260115T140500,3.033,3.038,3.030,3.035,28585900
20260115T141000,3.035,3.047,3.033,3.034,42749600
20260115T141500,3.035,3.038,3.031,3.036,27518600
20260115T142000,3.037,3.039,3.035,3.036,18506800
20260115T142500,3.036,3.046,3.036,3.045,41332600
20260115T143000,3.045,3.047,3.039,3.041,36568800
20260115T143500,3.041,3.042,3.036,3.041,21082400
20260115T144000,3.041,3.059,3.041,3.055,72981904
20260115T144500,3.056,3.060,3.047,3.051,60021800
20260115T145000,3.051,3.057,3.049,3.055,29905100
20260115T145500,3.056,3.057,3.051,3.054,26011500
20260115T150000,3.054,3.059,3.053,3.056,51590300
20260116T093500,3.156,3.179,3.106,3.142,127934440
20260116T094000,3.145,3.170,3.144,3.154,82450544
20260116T094500,3.155,3.164,3.150,3.157,40680900
20260116T095000,3.156,3.160,3.150,3.155,30482700
20260116T095500,3.155,3.161,3.154,3.156,26109800
20260116T100000,3.157,3.157,3.138,3.145,36543100
20260116T100500,3.144,3.149,3.128,3.136,38626008
20260116T101000,3.136,3.148,3.134,3.144,33697736
20260116T101500,3.143,3.147,3.138,3.144,16682443
20260116T102000,3.144,3.151,3.143,3.147,25424500
20260116T102500,3.147,3.149,3.142,3.142,13342346
20260116T103000,3.142,3.147,3.142,3.147,15949708
20260116T103500,3.146,3.152,3.146,3.150,23348506
20260116T104000,3.149,3.150,3.145,3.148,7959177
20260116T104500,3.148,3.149,3.145,3.146,6538660
20260116T105000,3.146,3.147,3.144,3.144,7698140
20260116T105500,3.144,3.147,3.144,3.145,6486400
20260116T110000,3.146,3.146,3.144,3.145,5051800
20260116T110500,3.145,3.157,3.144,3.151,35546440
20260116T111000,3.151,3.151,3.145,3.145,10894660
20260116T111500,3.145,3.145,3.142,3.143,10812600
20260116T112000,3.143,3.145,3.142,3.145,7543600
20260116T112500,3.144,3.148,3.144,3.146,7949400
20260116T113000,3.146,3.146,3.139,3.139,9972500
20260116T130500,3.138,3.144,3.138,3.141,11991500
20260116T131000,3.141,3.141,3.135,3.141,13398100
20260116T131500,3.141,3.143,3.140,3.140,8697600
20260116T132000,3.140,3.142,3.139,3.142,5556328
20260116T132500,3.142,3.145,3.140,3.145,10796500
20260116T133000,3.145,3.155,3.145,3.151,38573400
20260116T133500,3.151,3.154,3.146,3.154,23962200
20260116T134000,3.155,3.161,3.155,3.161,62696652
20260116T134500,3.160,3.164,3.156,3.160,33635412
20260116T135000,3.160,3.163,3.155,3.161,27063288
20260116T135500,3.161,3.161,3.151,3.151,23421600
20260116T140000,3.150,3.157,3.150,3.155,12975900
20260116T140500,3.156,3.156,3.151,3.151,11380400
20260116T141000,3.151,3.156,3.150,3.155,14730792
20260116T141500,3.155,3.156,3.152,3.155,8041600
20260116T142000,3.155,3.156,3.153,3.156,7135900
20260116T142500,3.156,3.157,3.154,3.155,6260484
20260116T143000,3.155,3.156,3.153,3.155,8673696
20260116T143500,3.155,3.158,3.153,3.157,17865568
20260116T144000,3.158,3.159,3.154,3.155,18620900
20260116T144500,3.155,3.159,3.155,3.157,13705400
20260116T145000,3.156,3.161,3.156,3.158,24089400
20260116T145500,3.158,3.158,3.155,3.156,18631800
20260116T150000,3.157,3.161,3.157,3.159,44221984
20260119T093500,3.180,3.250,3.180,3.217,102931632
20260119T094000,3.217,3.218,3.191,3.191,44137484
20260119T094500,3.190,3.206,3.190,3.194,44125084
20260119T095000,3.195,3.196,3.185,3.192,30695284
20260119T095500,3.192,3.206,3.188,3.206,29244200
20260119T100000,3.206,3.208,3.199,3.203,24821300
20260119T100500,3.202,3.203,3.198,3.198,13293200
20260119T101000,3.198,3.203,3.196,3.201,16828284
20260119T101500,3.200,3.203,3.200,3.200,11032800
20260119T102000,3.200,3.200,3.194,3.196,10986000
20260119T102500,3.197,3.197,3.195,3.196,6961800
20260119T103000,3.196,3.199,3.195,3.199,8510141
20260119T103500,3.200,3.200,3.196,3.197,4075000
20260119T104000,3.197,3.198,3.196,3.196,5247600
20260119T104500,3.196,3.196,3.191,3.193,13716800
20260119T105000,3.193,3.195,3.193,3.193,5100400
20260119T105500,3.194,3.194,3.191,3.192,3854300
20260119T110000,3.191,3.192,3.191,3.191,5229400
20260119T110500,3.191,3.192,3.188,3.189,7093700
20260119T111000,3.188,3.189,3.180,3.181,19947694
20260119T111500,3.180,3.181,3.168,3.181,37270800
20260119T112000,3.181,3.187,3.178,3.179,15204900
20260119T112500,3.180,3.182,3.171,3.171,14580441
20260119T113000,3.170,3.172,3.167,3.168,16575374
20260119T130500,3.167,3.177,3.164,3.174,16639800
20260119T131000,3.173,3.175,3.170,3.173,6877200
20260119T131500,3.174,3.177,3.172,3.175,10346500
20260119T132000,3.175,3.192,3.174,3.192,20675500
20260119T132500,3.193,3.200,3.185,3.185,46906576
20260119T133000,3.185,3.194,3.185,3.188,21888932
20260119T133500,3.188,3.194,3.188,3.189,15075631
20260119T134000,3.189,3.190,3.180,3.185,18603200
20260119T134500,3.185,3.187,3.181,3.186,5567700
20260119T135000,3.187,3.188,3.181,3.181,9152700
20260119T135500,3.182,3.184,3.178,3.181,9171100
20260119T140000,3.181,3.185,3.181,3.183,9243900
20260119T140500,3.183,3.185,3.181,3.185,6930400
20260119T141000,3.185,3.185,3.179,3.180,7438000
20260119T141500,3.180,3.183,3.179,3.182,5415400
20260119T142000,3.181,3.182,3.176,3.176,4241800
20260119T142500,3.177,3.178,3.175,3.176,6054900
20260119T143000,3.175,3.177,3.170,3.173,8054800
20260119T143500,3.173,3.181,3.172,3.181,11004400
20260119T144000,3.182,3.184,3.176,3.178,13394500
20260119T144500,3.178,3.179,3.177,3.179,7776500
20260119T145000,3.179,3.183,3.178,3.180,13122500
20260119T145500,3.180,3.183,3.180,3.181,13614400
20260119T150000,3.181,3.181,3.178,3.180,19720000
20260120T093500,3.140,3.179,3.132,3.175,52595700
20260120T094000,3.175,3.184,3.164,3.170,36723992
20260120T094500,3.170,3.170,3.157,3.159,20530600
20260120T095000,3.158,3.165,3.154,3.156,14800047
20260120T095500,3.155,3.159,3.153,3.155,11053994
20260120T100000,3.154,3.156,3.147,3.148,12312153
20260120T100500,3.148,3.151,3.143,3.150,18955794
20260120T101000,3.149,3.152,3.147,3.151,11049947
20260120T101500,3.151,3.154,3.140,3.140,14197500
20260120T102000,3.140,3.141,3.130,3.131,22511100
20260120T102500,3.131,3.131,3.115,3.129,30636300
20260120T103000,3.130,3.130,3.102,3.116,33455500
20260120T103500,3.115,3.115,3.106,3.115,21222232
20260120T104000,3.117,3.121,3.114,3.117,18646026
20260120T104500,3.116,3.123,3.116,3.122,14813194
20260120T105000,3.121,3.123,3.114,3.116,12800094
20260120T105500,3.116,3.119,3.115,3.116,8565600
20260120T110000,3.116,3.116,3.109,3.111,8876300
20260120T110500,3.112,3.114,3.110,3.112,3927300
20260120T111000,3.112,3.113,3.109,3.111,5019100
20260120T111500,3.111,3.116,3.109,3.115,7672400
20260120T112000,3.115,3.120,3.113,3.118,9330700
20260120T112500,3.118,3.136,3.118,3.127,30798300
20260120T113000,3.127,3.129,3.120,3.122,10057300
20260120T130500,3.121,3.125,3.113,3.113,11805400
20260120T131000,3.114,3.115,3.111,3.113,11334200
20260120T131500,3.113,3.116,3.110,3.114,8524900
20260120T132000,3.114,3.115,3.111,3.115,5051100
20260120T132500,3.115,3.115,3.111,3.113,3959300
20260120T133000,3.113,3.117,3.112,3.116,7442500
20260120T133500,3.116,3.116,3.112,3.115,4613400
20260120T134000,3.114,3.115,3.111,3.112,3845900
20260120T134500,3.113,3.116,3.112,3.114,4793800
20260120T135000,3.114,3.123,3.113,3.122,10043100
20260120T135500,3.122,3.124,3.116,3.116,10259500
20260120T140000,3.117,3.117,3.113,3.113,4702400
20260120T140500,3.114,3.116,3.113,3.113,2487800
20260120T141000,3.113,3.115,3.111,3.112,5635400
20260120T141500,3.111,3.112,3.106,3.110,11110856
20260120T142000,3.110,3.110,3.104,3.105,7705572
20260120T142500,3.105,3.107,3.103,3.103,6193400
20260120T143000,3.103,3.103,3.086,3.094,17057824
20260120T143500,3.093,3.095,3.080,3.082,16125700
20260120T144000,3.082,3.087,3.081,3.087,15703200
20260120T144500,3.087,3.102,3.086,3.099,19801648
20260120T145000,3.100,3.101,3.092,3.096,15373700
20260120T145500,3.096,3.099,3.095,3.098,15071900
20260120T150000,3.099,3.099,3.085,3.088,18542864
20260121T093500,3.103,3.147,3.103,3.136,90251000
20260121T094000,3.135,3.150,3.131,3.149,54801864
20260121T094500,3.149,3.200,3.145,3.181,109936144
20260121T095000,3.182,3.193,3.171,3.171,52397600
20260121T095500,3.170,3.178,3.163,3.172,49790908
20260121T100000,3.172,3.176,3.161,3.164,25259108
20260121T100500,3.164,3.175,3.163,3.173,25626300
20260121T101000,3.173,3.181,3.172,3.174,34979300
20260121T101500,3.174,3.182,3.174,3.179,18815300
20260121T102000,3.178,3.179,3.173,3.177,11216900
20260121T102500,3.177,3.182,3.176,3.182,18937100
20260121T103000,3.182,3.186,3.180,3.183,33853000
20260121T103500,3.182,3.183,3.175,3.179,15989500
20260121T104000,3.180,3.182,3.175,3.177,13843500
20260121T104500,3.177,3.180,3.176,3.178,8856100
20260121T105000,3.178,3.179,3.171,3.172,16366000
20260121T105500,3.172,3.174,3.170,3.172,10744700
20260121T110000,3.172,3.174,3.171,3.172,9267531
20260121T110500,3.173,3.176,3.172,3.176,13531731
20260121T111000,3.175,3.175,3.173,3.174,5231055
20260121T111500,3.174,3.174,3.171,3.171,7171200
20260121T112000,3.171,3.172,3.170,3.171,7322969
20260121T112500,3.172,3.173,3.169,3.170,8635631
20260121T113000,3.169,3.170,3.158,3.158,12972206
20260121T130500,3.158,3.172,3.156,3.172,17065528
20260121T131000,3.171,3.173,3.170,3.170,11537822
20260121T131500,3.170,3.172,3.166,3.169,9351739
20260121T132000,3.169,3.170,3.168,3.170,3997900
20260121T132500,3.169,3.170,3.168,3.169,2648900
20260121T133000,3.168,3.169,3.165,3.166,6726000
20260121T133500,3.167,3.167,3.164,3.165,5229300
20260121T134000,3.165,3.168,3.165,3.167,7966655
20260121T134500,3.167,3.170,3.167,3.168,5990155
20260121T135000,3.169,3.171,3.168,3.171,10126300
20260121T135500,3.171,3.177,3.169,3.176,23736100
20260121T140000,3.176,3.176,3.171,3.171,9920000
20260121T140500,3.172,3.173,3.170,3.170,5219900
20260121T141000,3.171,3.171,3.169,3.170,3711600
20260121T141500,3.170,3.171,3.168,3.169,2995300
20260121T142000,3.168,3.169,3.167,3.168,3991700
20260121T142500,3.168,3.168,3.160,3.166,10754200
20260121T143000,3.166,3.166,3.162,3.165,6626500
20260121T143500,3.166,3.170,3.166,3.169,8209900
20260121T144000,3.170,3.170,3.169,3.169,5913200
20260121T144500,3.170,3.171,3.169,3.171,8266555
20260121T145000,3.171,3.181,3.170,3.181,28262932
20260121T145500,3.180,3.180,3.176,3.180,23785368
20260121T150000,3.181,3.197,3.180,3.191,49143300
20260122T093500,3.297,3.345,3.297,3.310,160755104
20260122T094000,3.311,3.319,3.270,3.281,85537504
20260122T094500,3.281,3.284,3.251,3.269,67773048
20260122T095000,3.270,3.280,3.266,3.273,50118712
20260122T095500,3.274,3.274,3.266,3.269,21402532
20260122T100000,3.269,3.271,3.258,3.259,19959900
20260122T100500,3.259,3.262,3.248,3.251,35197232
20260122T101000,3.251,3.262,3.250,3.253,23306100
20260122T101500,3.253,3.257,3.246,3.247,16075507
20260122T102000,3.247,3.247,3.239,3.240,25345100
20260122T102500,3.241,3.246,3.240,3.243,14677700
20260122T103000,3.243,3.247,3.235,3.235,17110400
20260122T103500,3.236,3.254,3.230,3.251,28703500
20260122T104000,3.252,3.260,3.247,3.252,29677700
20260122T104500,3.252,3.256,3.248,3.254,14241400
20260122T105000,3.255,3.270,3.255,3.262,41301300
20260122T105500,3.262,3.265,3.256,3.261,17773100
20260122T110000,3.260,3.266,3.257,3.258,14547510
20260122T110500,3.258,3.261,3.250,3.252,17936240
20260122T111000,3.251,3.255,3.250,3.254,10148500
20260122T111500,3.254,3.255,3.246,3.251,11253100
20260122T112000,3.251,3.251,3.247,3.248,6271900
20260122T112500,3.248,3.250,3.245,3.248,8461000
20260122T113000,3.247,3.249,3.246,3.247,7335200
20260122T130500,3.247,3.255,3.247,3.255,12530800
20260122T131000,3.255,3.255,3.250,3.252,9039100
20260122T131500,3.251,3.253,3.249,3.253,5688700
20260122T132000,3.252,3.253,3.251,3.251,7042200
20260122T132500,3.250,3.252,3.250,3.252,4071400
20260122T133000,3.252,3.252,3.249,3.251,3973900
20260122T133500,3.250,3.252,3.250,3.252,3347800
20260122T134000,3.252,3.252,3.249,3.250,3943700
20260122T134500,3.250,3.250,3.242,3.243,10932700
20260122T135000,3.244,3.249,3.244,3.246,7005100
20260122T135500,3.246,3.247,3.242,3.242,5117000
20260122T140000,3.242,3.244,3.240,3.244,8816500
20260122T140500,3.244,3.246,3.241,3.242,8611400
20260122T141000,3.242,3.243,3.240,3.242,5994600
20260122T141500,3.242,3.244,3.238,3.239,10230327
20260122T142000,3.239,3.240,3.236,3.239,7193668
20260122T142500,3.239,3.241,3.239,3.240,4942500
20260122T143000,3.240,3.241,3.239,3.239,3899500
20260122T143500,3.240,3.247,3.239,3.247,15545727
20260122T144000,3.246,3.256,3.246,3.251,40418600
20260122T144500,3.251,3.261,3.251,3.259,29865200
20260122T145000,3.259,3.261,3.253,3.260,28658988
20260122T145500,3.260,3.265,3.246,3.251,43290984
20260122T150000,3.252,3.258,3.239,3.244,35666592
20260123T103500,3.132,3.239,3.091,3.185,114865696
20260123T104000,3.183,3.189,3.171,3.189,45857500
20260123T104500,3.192,3.217,3.187,3.195,54496000
20260123T105000,3.196,3.196,3.184,3.191,26403374
20260123T105500,3.191,3.192,3.182,3.185,17711000
20260123T110000,3.184,3.185,3.174,3.174,14535400
20260123T110500,3.174,3.184,3.173,3.182,21043574
20260123T111000,3.181,3.183,3.179,3.182,11677100
20260123T111500,3.182,3.182,3.174,3.175,13797029
20260123T112000,3.176,3.178,3.174,3.177,6547292
20260123T112500,3.177,3.179,3.176,3.177,8128197
20260123T113000,3.178,3.178,3.171,3.172,8285903
20260123T130500,3.171,3.171,3.166,3.168,22160796
20260123T131000,3.168,3.172,3.167,3.169,10575895
20260123T131500,3.169,3.171,3.167,3.167,8311100
20260123T132000,3.167,3.167,3.157,3.161,19322004
20260123T132500,3.162,3.162,3.150,3.150,16138500
20260123T133000,3.150,3.153,3.148,3.149,17107000
20260123T133500,3.149,3.158,3.144,3.158,22841892
20260123T134000,3.156,3.169,3.156,3.167,31771990
20260123T134500,3.167,3.167,3.159,3.161,13818800
20260123T135000,3.161,3.169,3.161,3.166,16400600
20260123T135500,3.166,3.181,3.166,3.177,46693780
20260123T140000,3.177,3.180,3.171,3.173,17758196
20260123T140500,3.173,3.174,3.170,3.172,15540900
20260123T141000,3.172,3.177,3.169,3.172,17808200
20260123T141500,3.172,3.173,3.170,3.173,10613837
20260123T142000,3.173,3.185,3.173,3.181,25207100
20260123T142500,3.181,3.181,3.176,3.178,14329774
20260123T143000,3.178,3.183,3.178,3.179,12051611
20260123T143500,3.179,3.179,3.175,3.179,13506374
20260123T144000,3.178,3.181,3.177,3.180,14539592
20260123T144500,3.179,3.193,3.179,3.187,37066488
20260123T145000,3.187,3.195,3.187,3.190,31432688
20260123T145500,3.190,3.195,3.178,3.184,36100684
20260123T150000,3.184,3.192,3.184,3.192,29585100
20260126T093500,3.250,3.258,3.222,3.222,76111704
20260126T094000,3.221,3.230,3.212,3.218,48280996
20260126T094500,3.218,3.224,3.210,3.211,26061800
20260126T095000,3.210,3.213,3.198,3.213,32664320
20260126T095500,3.212,3.215,3.202,3.204,21284900
20260126T100000,3.204,3.211,3.203,3.210,17160326
20260126T100500,3.210,3.217,3.207,3.212,17532800
20260126T101000,3.211,3.212,3.208,3.210,8860300
20260126T101500,3.210,3.212,3.209,3.210,7409200
20260126T102000,3.210,3.210,3.204,3.206,7782400
20260126T102500,3.206,3.211,3.206,3.208,6479700
20260126T103000,3.208,3.211,3.208,3.210,6273626
20260126T103500,3.210,3.210,3.207,3.207,5076400
20260126T104000,3.207,3.208,3.205,3.206,4761000
20260126T104500,3.205,3.206,3.205,3.206,2336200
20260126T105000,3.205,3.206,3.205,3.205,3011100
20260126T105500,3.206,3.206,3.205,3.205,2488600
20260126T110000,3.205,3.206,3.202,3.202,4127900
20260126T110500,3.203,3.205,3.200,3.205,5947381
20260126T111000,3.205,3.212,3.205,3.208,10459500
20260126T111500,3.208,3.211,3.206,3.206,6455364
20260126T112000,3.206,3.208,3.205,3.207,2161000
20260126T112500,3.207,3.209,3.206,3.207,1800800
20260126T113000,3.206,3.207,3.205,3.207,3116000
20260126T130500,3.207,3.207,3.204,3.205,4453456
20260126T131000,3.206,3.206,3.202,3.203,2820000
20260126T131500,3.203,3.204,3.202,3.203,1951300
20260126T132000,3.202,3.204,3.202,3.202,3688700
20260126T132500,3.202,3.204,3.200,3.202,4750337
20260126T133000,3.203,3.203,3.202,3.203,1418600
20260126T133500,3.203,3.203,3.200,3.201,3585644
20260126T134000,3.200,3.202,3.200,3.201,1842100
20260126T134500,3.202,3.203,3.201,3.202,2103500
20260126T135000,3.201,3.201,3.198,3.200,3720900
20260126T135500,3.200,3.203,3.199,3.202,5921693
20260126T140000,3.202,3.202,3.200,3.200,1547700
20260126T140500,3.200,3.201,3.199,3.199,1679200
20260126T141000,3.199,3.200,3.198,3.199,2869900
20260126T141500,3.200,3.200,3.198,3.200,2723900
20260126T142000,3.200,3.201,3.199,3.200,3177200
20260126T142500,3.200,3.208,3.200,3.206,11130181
20260126T143000,3.206,3.207,3.204,3.206,8202300
20260126T143500,3.206,3.206,3.204,3.205,6652181
20260126T144000,3.205,3.206,3.203,3.206,4271480
20260126T144500,3.206,3.213,3.205,3.211,11940297
20260126T145000,3.212,3.217,3.212,3.213,25346100
20260126T145500,3.214,3.214,3.210,3.213,8551200
20260126T150000,3.212,3.218,3.211,3.218,22771706
20260127T093500,3.250,3.253,3.204,3.215,52430100
20260127T094000,3.217,3.225,3.195,3.199,26243200
20260127T094500,3.199,3.199,3.178,3.182,27517296
20260127T095000,3.182,3.190,3.181,3.188,14426490
20260127T095500,3.188,3.193,3.186,3.191,15910894
20260127T100000,3.191,3.191,3.188,3.189,6727395
20260127T100500,3.189,3.197,3.188,3.192,13431900
20260127T101000,3.192,3.226,3.192,3.219,47581240
20260127T101500,3.221,3.244,3.220,3.243,71051128
20260127T102000,3.241,3.246,3.227,3.235,40187044
20260127T102500,3.235,3.244,3.232,3.236,32965404
20260127T103000,3.236,3.239,3.230,3.235,15011563
20260127T103500,3.235,3.243,3.235,3.240,20452500
20260127T104000,3.240,3.251,3.240,3.247,47039840
20260127T104500,3.247,3.282,3.247,3.270,72469104
20260127T105000,3.270,3.274,3.261,3.270,34838996
20260127T105500,3.270,3.274,3.264,3.265,31140100
20260127T110000,3.265,3.270,3.261,3.270,27468224
20260127T110500,3.270,3.271,3.266,3.269,14038800
20260127T111000,3.268,3.272,3.268,3.271,16342843
20260127T111500,3.271,3.271,3.265,3.266,10045336
20260127T112000,3.266,3.269,3.265,3.268,8540500
20260127T112500,3.268,3.271,3.266,3.269,9706200
20260127T113000,3.268,3.275,3.268,3.274,19779112
20260127T130500,3.278,3.308,3.278,3.295,68297272
20260127T131000,3.295,3.312,3.294,3.304,54487224
20260127T131500,3.304,3.304,3.297,3.304,31538076
20260127T132000,3.303,3.307,3.302,3.303,22565162
20260127T132500,3.302,3.304,3.297,3.303,14717986
20260127T133000,3.304,3.304,3.299,3.302,12665238
20260127T133500,3.301,3.311,3.301,3.311,31808376
20260127T134000,3.309,3.317,3.309,3.312,38679700
20260127T134500,3.312,3.327,3.311,3.325,48415300
20260127T135000,3.324,3.361,3.324,3.360,83481800
20260127T135500,3.365,3.370,3.341,3.341,74120624
20260127T140000,3.340,3.354,3.340,3.347,43171800
20260127T140500,3.348,3.377,3.347,3.365,71537400
20260127T141000,3.365,3.385,3.360,3.363,73289296
20260127T141500,3.362,3.369,3.355,3.362,49305884
20260127T142000,3.362,3.367,3.359,3.365,24263328
20260127T142500,3.364,3.379,3.363,3.371,51884520
20260127T143000,3.371,3.377,3.369,3.376,27474556
20260127T143500,3.376,3.381,3.373,3.373,38277000
20260127T144000,3.373,3.377,3.369,3.372,28863496
20260127T144500,3.372,3.405,3.372,3.401,79833928
20260127T145000,3.404,3.436,3.390,3.394,112791336
20260127T145500,3.394,3.400,3.364,3.364,75764640
20260127T150000,3.362,3.382,3.358,3.363,66689416
20260128T103500,3.431,3.621,3.372,3.488,181767280
20260128T104000,3.491,3.491,3.454,3.457,87086848
20260128T104500,3.457,3.475,3.457,3.468,38899300
20260128T105000,3.468,3.472,3.463,3.470,20965200
20260128T105500,3.469,3.500,3.469,3.495,55156592
20260128T110000,3.493,3.555,3.484,3.543,67967000
20260128T110500,3.542,3.582,3.531,3.564,115817904
20260128T111000,3.564,3.567,3.515,3.515,75198808
20260128T111500,3.518,3.554,3.518,3.552,59176152
20260128T112000,3.552,3.554,3.536,3.550,33091800
20260128T112500,3.550,3.550,3.534,3.534,19203700
20260128T113000,3.533,3.547,3.532,3.543,20436300
20260128T130500,3.543,3.577,3.543,3.577,52608848
20260128T131000,3.578,3.616,3.578,3.599,98557712
20260128T131500,3.599,3.604,3.578,3.587,47307336
20260128T132000,3.586,3.592,3.584,3.588,23133136
20260128T132500,3.588,3.589,3.574,3.574,20109700
20260128T133000,3.570,3.588,3.568,3.584,36989576
20260128T133500,3.584,3.591,3.583,3.588,21482600
20260128T134000,3.587,3.589,3.584,3.586,10003472
20260128T134500,3.586,3.587,3.576,3.583,13246189
20260128T135000,3.584,3.585,3.581,3.582,7607048
20260128T135500,3.582,3.584,3.578,3.582,9356049
20260128T140000,3.582,3.602,3.581,3.602,49686632
20260128T140500,3.602,3.602,3.584,3.591,21261600
20260128T141000,3.590,3.591,3.584,3.589,15644000
20260128T141500,3.589,3.601,3.589,3.594,31289800
20260128T142000,3.593,3.596,3.587,3.593,16871188
20260128T142500,3.592,3.593,3.588,3.592,13100302
20260128T143000,3.592,3.597,3.592,3.595,15176674
20260128T143500,3.595,3.600,3.591,3.599,22472756
20260128T144000,3.599,3.599,3.594,3.597,17218400
20260128T144500,3.599,3.609,3.598,3.601,52918100
20260128T145000,3.601,3.608,3.596,3.603,30080500
20260128T145500,3.602,3.611,3.599,3.608,33356128
20260128T150000,3.609,3.648,3.606,3.613,66662032
20260129T103500,3.610,3.858,3.500,3.756,192433072
20260129T104000,3.757,3.832,3.757,3.831,114206352
20260129T104500,3.832,3.856,3.818,3.827,115000112
20260129T105000,3.826,3.831,3.798,3.805,76037904
20260129T105500,3.805,3.818,3.802,3.804,35886716
20260129T110000,3.805,3.805,3.731,3.740,83415416
20260129T110500,3.742,3.783,3.742,3.773,75341640
20260129T111000,3.773,3.801,3.773,3.793,54387776
20260129T111500,3.793,3.795,3.770,3.774,35627048
20260129T112000,3.774,3.784,3.770,3.772,22567512
20260129T112500,3.771,3.774,3.759,3.768,27438336
20260129T113000,3.770,3.776,3.755,3.762,19399342
20260129T130500,3.764,3.780,3.762,3.770,26782688
20260129T131000,3.770,3.792,3.770,3.786,33974912
20260129T131500,3.786,3.786,3.777,3.777,15874426
20260129T132000,3.777,3.778,3.774,3.775,9754723
20260129T132500,3.775,3.775,3.767,3.771,10557846
20260129T133000,3.771,3.771,3.768,3.770,7721400
20260129T133500,3.770,3.770,3.756,3.757,17072010
20260129T134000,3.757,3.770,3.757,3.767,18879960
20260129T134500,3.767,3.771,3.763,3.765,9768500
20260129T135000,3.763,3.764,3.758,3.758,7186700
20260129T135500,3.758,3.758,3.748,3.754,26227014
20260129T140000,3.753,3.754,3.727,3.732,27693900
20260129T140500,3.734,3.735,3.684,3.725,66151808
20260129T141000,3.726,3.758,3.719,3.747,40704484
20260129T141500,3.746,3.754,3.730,3.730,20939600
20260129T142000,3.730,3.740,3.718,3.739,24609800
20260129T142500,3.736,3.738,3.723,3.723,12185200
20260129T143000,3.722,3.726,3.719,3.719,13497173
20260129T143500,3.718,3.727,3.700,3.713,28086100
20260129T144000,3.713,3.742,3.713,3.732,34881400
20260129T144500,3.732,3.733,3.718,3.726,17386954
20260129T145000,3.726,3.733,3.722,3.722,20438000
20260129T145500,3.717,3.720,3.700,3.700,23360372
20260129T150000,3.700,3.700,3.645,3.652,48598752
20260130T103500,3.700,3.834,3.358,3.505,164040464
20260130T104000,3.507,3.792,3.496,3.693,122392912
20260130T104500,3.678,3.772,3.671,3.736,125633224
20260130T105000,3.741,3.755,3.694,3.706,64855300
20260130T105500,3.715,3.743,3.712,3.724,48039424
20260130T110000,3.728,3.734,3.722,3.727,19182648
20260130T110500,3.727,3.783,3.726,3.770,58355248
20260130T111000,3.760,3.799,3.744,3.799,96440424
20260130T111500,3.799,3.799,3.773,3.795,65165700
20260130T112000,3.793,3.795,3.756,3.776,45498400
20260130T112500,3.776,3.784,3.766,3.777,23087086
20260130T113000,3.777,3.777,3.763,3.765,20354100
20260130T130500,3.767,3.798,3.767,3.793,51861128
20260130T131000,3.793,3.795,3.780,3.793,27943300
20260130T131500,3.794,3.794,3.783,3.794,19922500
20260130T132000,3.797,3.797,3.785,3.788,23055800
20260130T132500,3.788,3.791,3.786,3.786,9422700
20260130T133000,3.786,3.822,3.783,3.822,41820700
20260130T133500,3.823,3.830,3.805,3.810,81210504
20260130T134000,3.811,3.838,3.811,3.832,52936800
20260130T134500,3.833,3.908,3.833,3.886,116013832
20260130T135000,3.887,3.897,3.857,3.857,64572832
20260130T135500,3.855,3.878,3.844,3.862,59019364
20260130T140000,3.863,3.867,3.858,3.858,23859788
20260130T140500,3.857,3.861,3.822,3.861,60933200
20260130T141000,3.863,3.863,3.851,3.854,26519906
20260130T141500,3.855,3.865,3.854,3.856,24064200
20260130T142000,3.856,3.856,3.821,3.842,34082600
20260130T142500,3.836,3.843,3.831,3.833,18340100
20260130T143000,3.834,3.834,3.765,3.780,68580264
20260130T143500,3.776,3.840,3.776,3.840,50131064
20260130T144000,3.841,3.849,3.798,3.810,55075500
20260130T144500,3.810,3.813,3.770,3.770,38424608
20260130T145000,3.769,3.805,3.769,3.797,42877712
20260130T145500,3.797,3.797,3.768,3.768,32069206
20260130T150000,3.768,3.768,3.723,3.739,55109700
20260202T103500,3.400,3.750,3.400,3.640,146435168
20260202T104000,3.643,3.698,3.637,3.684,70334864
20260202T104500,3.681,3.698,3.662,3.664,45140400
20260202T105000,3.664,3.674,3.661,3.663,21537700
20260202T105500,3.663,3.663,3.606,3.613,50584368
20260202T110000,3.612,3.636,3.607,3.611,37579532
20260202T110500,3.611,3.626,3.610,3.616,23410066
20260202T111000,3.616,3.621,3.613,3.616,13058605
20260202T111500,3.617,3.617,3.561,3.587,36543604
20260202T112000,3.586,3.591,3.574,3.574,18012700
20260202T112500,3.572,3.576,3.497,3.520,63079820
20260202T113000,3.519,3.520,3.475,3.476,39593320
20260202T130500,3.476,3.515,3.443,3.456,65259600
20260202T131000,3.454,3.493,3.451,3.465,49279104
20260202T131500,3.463,3.468,3.453,3.463,24376616
20260202T132000,3.460,3.466,3.458,3.461,19152100
20260202T132500,3.461,3.529,3.461,3.529,39640776
20260202T133000,3.530,3.530,3.478,3.479,47378900
20260202T133500,3.480,3.484,3.462,3.462,20111200
20260202T134000,3.461,3.477,3.461,3.472,16532100
20260202T134500,3.470,3.496,3.469,3.471,30181200
20260202T135000,3.470,3.477,3.468,3.473,12768000
20260202T135500,3.473,3.485,3.460,3.465,22274800
20260202T140000,3.466,3.478,3.461,3.476,30781100
20260202T140500,3.476,3.484,3.471,3.476,22077200
20260202T141000,3.476,3.477,3.464,3.464,12641000
20260202T141500,3.463,3.469,3.463,3.464,10975200
20260202T142000,3.464,3.464,3.403,3.403,44999900
20260202T142500,3.405,3.421,3.405,3.413,29503300
20260202T143000,3.412,3.413,3.365,3.365,54445392
20260202T143500,3.365,3.365,3.365,3.365,5823100
20260202T144000,3.365,3.365,3.365,3.365,3257300
20260202T144500,3.365,3.365,3.365,3.365,1773300
20260202T145000,3.365,3.365,3.365,3.365,1977700
20260202T145500,3.365,3.365,3.365,3.365,3817500
20260202T150000,3.365,3.365,3.365,3.365,2150500
20260203T103500,3.702,3.702,3.410,3.459,222885952
20260203T104000,3.463,3.528,3.463,3.505,128102496
20260203T104500,3.504,3.509,3.485,3.485,44835948
20260203T105000,3.485,3.491,3.466,3.480,60487200
20260203T105500,3.481,3.512,3.481,3.503,56968500
20260203T110000,3.503,3.516,3.492,3.495,48516248
20260203T110500,3.496,3.507,3.496,3.505,32962600
20260203T111000,3.507,3.509,3.500,3.500,22298600
20260203T111500,3.499,3.499,3.490,3.494,18063100
20260203T112000,3.494,3.500,3.486,3.499,20752200
20260203T112500,3.498,3.502,3.495,3.495,15987600
20260203T113000,3.494,3.498,3.494,3.497,10364000
20260203T130500,3.503,3.556,3.503,3.539,126709656
20260203T131000,3.538,3.543,3.531,3.531,31925600
20260203T131500,3.531,3.537,3.531,3.533,18981848
20260203T132000,3.533,3.564,3.532,3.560,67293368
20260203T132500,3.558,3.558,3.546,3.557,42503708
20260203T133000,3.558,3.597,3.557,3.591,115388472
20260203T133500,3.595,3.645,3.595,3.626,162889840
20260203T134000,3.627,3.633,3.608,3.608,54193444
20260203T134500,3.606,3.619,3.603,3.610,51420448
20260203T135000,3.609,3.622,3.606,3.622,24447700
20260203T135500,3.624,3.630,3.617,3.622,64351800
20260203T140000,3.622,3.629,3.614,3.618,35697704
20260203T140500,3.617,3.623,3.611,3.617,20465200
20260203T141000,3.617,3.628,3.617,3.626,40564200
20260203T141500,3.627,3.637,3.621,3.623,52092344
20260203T142000,3.623,3.632,3.623,3.626,23628100
20260203T142500,3.628,3.630,3.622,3.625,16379900
20260203T143000,3.624,3.624,3.616,3.618,20739900
20260203T143500,3.618,3.628,3.618,3.626,27525748
20260203T144000,3.626,3.628,3.622,3.622,16724659
20260203T144500,3.622,3.625,3.621,3.623,12701600
20260203T145000,3.624,3.642,3.623,3.639,53526404
20260203T145500,3.642,3.660,3.637,3.642,63732344
20260203T150000,3.642,3.674,3.641,3.655,69942600
20260204T103500,3.545,3.730,3.545,3.655,212667648
20260204T104000,3.653,3.680,3.632,3.638,105631808
20260204T104500,3.638,3.643,3.612,3.622,65605192
20260204T105000,3.621,3.621,3.572,3.593,89133304
20260204T105500,3.593,3.598,3.552,3.562,64406896
20260204T110000,3.563,3.563,3.493,3.518,99246136
20260204T110500,3.520,3.549,3.506,3.533,64128068
20260204T111000,3.532,3.559,3.532,3.555,45993092
20260204T111500,3.553,3.602,3.551,3.560,81408816
20260204T112000,3.559,3.570,3.551,3.570,37954032
20260204T112500,3.572,3.604,3.570,3.594,57133756
20260204T113000,3.595,3.597,3.570,3.576,37383588
20260204T130500,3.577,3.589,3.550,3.550,28139200
20260204T131000,3.550,3.577,3.549,3.572,30095204
20260204T131500,3.571,3.580,3.561,3.573,20845500
20260204T132000,3.573,3.620,3.571,3.615,50106508
20260204T132500,3.612,3.651,3.595,3.651,79389504
20260204T133000,3.652,3.669,3.635,3.654,103503248
20260204T133500,3.655,3.675,3.651,3.656,73879696
20260204T134000,3.655,3.655,3.619,3.645,63062300
20260204T134500,3.646,3.659,3.637,3.656,43504304
20260204T135000,3.656,3.662,3.640,3.646,48082400
20260204T135500,3.646,3.656,3.642,3.650,20828236
20260204T140000,3.650,3.655,3.635,3.646,24212204
20260204T140500,3.646,3.652,3.644,3.646,15424516
20260204T141000,3.647,3.650,3.641,3.641,15936500
20260204T141500,3.640,3.647,3.611,3.645,48515324
20260204T142000,3.645,3.645,3.630,3.630,18439524
20260204T142500,3.630,3.644,3.624,3.638,22138080
20260204T143000,3.638,3.643,3.632,3.640,15647100
20260204T143500,3.640,3.653,3.640,3.653,33544556
20260204T144000,3.654,3.658,3.646,3.652,36603064
20260204T144500,3.652,3.653,3.634,3.639,25690696
20260204T145000,3.639,3.640,3.623,3.634,24975500
20260204T145500,3.633,3.634,3.595,3.597,33142710
20260204T150000,3.596,3.615,3.596,3.612,47091552
20260205T103500,3.500,3.540,3.435,3.530,144092096
20260205T104000,3.536,3.536,3.506,3.507,60412504
20260205T104500,3.508,3.520,3.507,3.509,52322168
20260205T105000,3.508,3.513,3.457,3.468,77780088
20260205T105500,3.469,3.478,3.445,3.460,60864168
20260205T110000,3.461,3.481,3.447,3.464,51428432
20260205T110500,3.467,3.477,3.461,3.464,28155296
20260205T111000,3.464,3.470,3.456,3.461,19723924
20260205T111500,3.461,3.470,3.461,3.462,15918715
20260205T112000,3.462,3.464,3.453,3.460,19007384
20260205T112500,3.459,3.466,3.456,3.463,20425716
20260205T113000,3.463,3.463,3.435,3.435,26725632
20260205T130500,3.435,3.460,3.435,3.446,35860120
20260205T131000,3.446,3.455,3.442,3.448,18566560
20260205T131500,3.447,3.447,3.436,3.438,18251996
20260205T132000,3.438,3.440,3.417,3.418,25759596
20260205T132500,3.420,3.425,3.385,3.402,66673140
20260205T133000,3.402,3.418,3.397,3.411,39971496
20260205T133500,3.412,3.412,3.396,3.397,27785830
20260205T134000,3.396,3.413,3.386,3.410,37022416
20260205T134500,3.410,3.437,3.406,3.426,55655280
20260205T135000,3.425,3.440,3.421,3.431,34134936
20260205T135500,3.432,3.463,3.420,3.457,61378808
20260205T140000,3.459,3.460,3.438,3.439,35537220
20260205T140500,3.439,3.467,3.439,3.467,41996184
20260205T141000,3.469,3.484,3.456,3.484,79988432
20260205T141500,3.484,3.484,3.466,3.467,41938720
20260205T142000,3.468,3.470,3.461,3.461,28314212
20260205T142500,3.461,3.461,3.433,3.446,49770368
20260205T143000,3.447,3.457,3.445,3.457,25305066
20260205T143500,3.457,3.474,3.454,3.466,46078520
20260205T144000,3.468,3.468,3.448,3.456,35825280
20260205T144500,3.455,3.460,3.407,3.410,47153968
20260205T145000,3.412,3.433,3.412,3.417,49087384
20260205T145500,3.417,3.421,3.410,3.410,35478828
20260205T150000,3.409,3.418,3.395,3.415,61085324
20260206T103500,3.438,3.621,3.422,3.492,151702144
20260206T104000,3.495,3.539,3.495,3.524,148817296
20260206T104500,3.524,3.529,3.509,3.517,66311912
20260206T105000,3.516,3.518,3.509,3.516,35494140
20260206T105500,3.515,3.517,3.498,3.498,44360500
20260206T110000,3.499,3.514,3.499,3.511,31844096
20260206T110500,3.511,3.511,3.500,3.510,25899828
20260206T111000,3.510,3.526,3.509,3.526,44813080
20260206T111500,3.527,3.531,3.512,3.513,45235768
20260206T112000,3.515,3.520,3.508,3.508,25414400
20260206T112500,3.508,3.511,3.500,3.502,27904308
20260206T113000,3.502,3.510,3.497,3.509,26579820
20260206T130500,3.508,3.508,3.489,3.505,44043672
20260206T131000,3.504,3.510,3.500,3.501,22693838
20260206T131500,3.501,3.501,3.493,3.497,22071720
20260206T132000,3.497,3.500,3.491,3.491,18358526
20260206T132500,3.491,3.502,3.491,3.498,21745108
20260206T133000,3.498,3.499,3.494,3.496,11518900
20260206T133500,3.496,3.501,3.494,3.499,22262800
20260206T134000,3.500,3.500,3.496,3.498,13985963
20260206T134500,3.498,3.498,3.491,3.492,12889537
20260206T135000,3.492,3.492,3.470,3.478,48382608
20260206T135500,3.478,3.487,3.478,3.481,27389916
20260206T140000,3.482,3.482,3.473,3.475,16356119
20260206T140500,3.475,3.476,3.459,3.465,39490200
20260206T141000,3.465,3.467,3.440,3.446,48355100
20260206T141500,3.445,3.450,3.438,3.444,47636640
20260206T142000,3.443,3.470,3.442,3.460,55647904
20260206T142500,3.460,3.460,3.441,3.441,34237896
20260206T143000,3.440,3.453,3.436,3.451,36494900
20260206T143500,3.450,3.450,3.436,3.441,22774196
20260206T144000,3.441,3.441,3.432,3.435,22851050
20260206T144500,3.435,3.439,3.412,3.419,37673032
20260206T145000,3.418,3.427,3.415,3.418,33789664
20260206T145500,3.417,3.419,3.391,3.394,45245600
20260206T150000,3.393,3.406,3.372,3.405,70723544
20260209T103500,3.575,3.609,3.500,3.556,214064768
20260209T104000,3.556,3.556,3.533,3.544,97753808
20260209T104500,3.544,3.552,3.537,3.544,49597900
20260209T105000,3.544,3.550,3.537,3.548,33703136
20260209T105500,3.548,3.549,3.541,3.544,25063820
20260209T110000,3.544,3.544,3.536,3.536,18339800
20260209T110500,3.536,3.541,3.535,3.536,20670288
20260209T111000,3.536,3.536,3.520,3.523,41642196
20260209T111500,3.522,3.535,3.521,3.534,41348264
20260209T112000,3.534,3.541,3.531,3.533,32090676
20260209T112500,3.534,3.538,3.534,3.537,17380956
20260209T113000,3.537,3.537,3.528,3.533,17048744
20260209T130500,3.533,3.533,3.525,3.526,22911366
20260209T131000,3.526,3.528,3.517,3.519,23932400
20260209T131500,3.520,3.531,3.519,3.526,24160528
20260209T132000,3.526,3.530,3.522,3.526,16689497
20260209T132500,3.527,3.533,3.525,3.528,21758994
20260209T133000,3.527,3.528,3.524,3.524,13458600
20260209T133500,3.524,3.526,3.522,3.525,10127200
20260209T134000,3.524,3.526,3.523,3.524,8478266
20260209T134500,3.524,3.528,3.524,3.525,9187400
20260209T135000,3.524,3.524,3.516,3.520,20482000
20260209T135500,3.520,3.521,3.517,3.517,8602900
20260209T140000,3.517,3.518,3.514,3.518,14233700
20260209T140500,3.518,3.522,3.516,3.518,13091400
20260209T141000,3.517,3.519,3.516,3.518,7320900
20260209T141500,3.519,3.524,3.518,3.518,20328300
20260209T142000,3.519,3.520,3.516,3.516,8659400
20260209T142500,3.516,3.518,3.512,3.518,14346200
20260209T143000,3.518,3.519,3.516,3.517,5796000
20260209T143500,3.518,3.537,3.517,3.529,65578600
20260209T144000,3.530,3.532,3.526,3.529,24004200
20260209T144500,3.530,3.530,3.521,3.527,19099618
20260209T145000,3.527,3.531,3.526,3.526,25168100
20260209T145500,3.526,3.537,3.525,3.537,45781388
20260209T150000,3.536,3.536,3.531,3.533,52006584
20260210T103500,3.563,3.574,3.513,3.543,148424400
20260210T104000,3.544,3.544,3.512,3.515,63384920
20260210T104500,3.514,3.522,3.510,3.515,38747868
20260210T105000,3.514,3.514,3.496,3.498,44723384
20260210T105500,3.499,3.499,3.477,3.489,55193496
20260210T110000,3.489,3.513,3.486,3.509,42772416
20260210T110500,3.508,3.508,3.497,3.499,20160280
20260210T111000,3.498,3.499,3.489,3.494,20054886
20260210T111500,3.494,3.502,3.492,3.497,15131466
20260210T112000,3.498,3.500,3.491,3.491,12530700
20260210T112500,3.492,3.500,3.491,3.497,12102700
20260210T113000,3.497,3.498,3.492,3.492,9442800
20260210T130500,3.493,3.495,3.487,3.490,12922986
20260210T131000,3.491,3.496,3.491,3.493,10365300
20260210T131500,3.492,3.493,3.490,3.493,4673400
20260210T132000,3.494,3.507,3.493,3.501,29711008
20260210T132500,3.501,3.501,3.497,3.497,10203438
20260210T133000,3.497,3.498,3.494,3.497,7358500
20260210T133500,3.497,3.499,3.494,3.498,9102038
20260210T134000,3.499,3.499,3.495,3.496,7559200
20260210T134500,3.496,3.496,3.492,3.493,6048200
20260210T135000,3.493,3.493,3.490,3.492,9689400
20260210T135500,3.492,3.493,3.491,3.493,4329300
20260210T140000,3.493,3.494,3.490,3.491,4889400
20260210T140500,3.491,3.492,3.486,3.487,7098200
20260210T141000,3.486,3.487,3.483,3.484,12227600
20260210T141500,3.485,3.485,3.478,3.478,12807726
20260210T142000,3.479,3.488,3.478,3.487,11253512
20260210T142500,3.487,3.487,3.484,3.484,4669700
20260210T143000,3.484,3.488,3.484,3.488,6553401
20260210T143500,3.488,3.488,3.482,3.483,10114803
20260210T144000,3.484,3.485,3.483,3.483,4763400
20260210T144500,3.483,3.484,3.479,3.479,7924970
20260210T145000,3.479,3.483,3.478,3.483,11958145
20260210T145500,3.483,3.489,3.482,3.489,17893234
20260210T150000,3.489,3.493,3.486,3.489,27208418
20260211T103500,3.471,3.475,3.440,3.446,69863776
20260211T104000,3.446,3.447,3.421,3.426,50712060
20260211T104500,3.425,3.433,3.418,3.426,39908144
20260211T105000,3.426,3.430,3.424,3.424,14624300
20260211T105500,3.424,3.435,3.423,3.433,22773500
20260211T110000,3.432,3.433,3.426,3.426,9925700
20260211T110500,3.427,3.428,3.425,3.426,7773900
20260211T111000,3.427,3.428,3.424,3.427,7218419
20260211T111500,3.428,3.428,3.423,3.423,4892400
20260211T112000,3.423,3.423,3.421,3.421,7389182
20260211T112500,3.421,3.422,3.411,3.412,15492002
20260211T113000,3.412,3.418,3.412,3.416,10853800
20260211T130500,3.417,3.427,3.417,3.426,16690566
20260211T131000,3.426,3.432,3.425,3.432,18316800
20260211T131500,3.432,3.432,3.424,3.425,10132600
20260211T132000,3.425,3.428,3.423,3.424,6916500
20260211T132500,3.427,3.427,3.419,3.420,6046000
20260211T133000,3.420,3.425,3.419,3.423,4825300
20260211T133500,3.423,3.425,3.420,3.421,3900000
20260211T134000,3.421,3.424,3.420,3.423,3531300
20260211T134500,3.424,3.424,3.420,3.420,3104800
20260211T135000,3.420,3.424,3.420,3.422,5689900
20260211T135500,3.421,3.422,3.420,3.422,1979400
20260211T140000,3.422,3.422,3.419,3.420,4031800
20260211T140500,3.420,3.420,3.418,3.420,2569900
20260211T141000,3.420,3.421,3.419,3.420,3486500
20260211T141500,3.421,3.421,3.420,3.421,3556900
20260211T142000,3.420,3.421,3.417,3.417,6626000
20260211T142500,3.417,3.418,3.416,3.416,4680400
20260211T143000,3.416,3.420,3.416,3.419,6020400
20260211T143500,3.418,3.419,3.416,3.416,4855900
20260211T144000,3.417,3.418,3.415,3.417,6861600
20260211T144500,3.417,3.420,3.416,3.418,9847200
20260211T145000,3.419,3.425,3.418,3.425,14820668
20260211T145500,3.425,3.425,3.422,3.423,14207700
20260211T150000,3.422,3.423,3.419,3.422,15954851
20260212T103500,3.512,3.589,3.483,3.492,145176224
20260212T104000,3.491,3.491,3.471,3.481,51826916
20260212T104500,3.482,3.490,3.475,3.479,32945430
20260212T105000,3.479,3.485,3.475,3.479,22400632
20260212T105500,3.479,3.484,3.479,3.481,17598702
20260212T110000,3.481,3.482,3.478,3.478,10465900
20260212T110500,3.479,3.480,3.477,3.480,6910400
20260212T111000,3.480,3.484,3.479,3.480,17603052
20260212T111500,3.481,3.482,3.479,3.479,7020700
20260212T112000,3.479,3.480,3.477,3.479,9001300
20260212T112500,3.478,3.479,3.477,3.477,4688500
20260212T113000,3.478,3.478,3.474,3.475,9832000
20260212T130500,3.474,3.482,3.471,3.482,16774900
20260212T131000,3.482,3.483,3.476,3.478,11642771
20260212T131500,3.477,3.479,3.477,3.478,4222845
20260212T132000,3.479,3.480,3.477,3.478,4215155
20260212T132500,3.477,3.478,3.475,3.478,4492000
20260212T133000,3.477,3.478,3.477,3.478,2912600
20260212T133500,3.477,3.480,3.477,3.478,7072090
20260212T134000,3.477,3.478,3.476,3.478,5247745
20260212T134500,3.478,3.479,3.477,3.479,5289600
20260212T135000,3.479,3.480,3.478,3.480,6864445
20260212T135500,3.481,3.503,3.481,3.496,75798024
20260212T140000,3.495,3.497,3.486,3.490,21989162
20260212T140500,3.490,3.500,3.490,3.495,27999700
20260212T141000,3.495,3.510,3.495,3.510,42332708
20260212T141500,3.509,3.510,3.500,3.502,33441262
20260212T142000,3.502,3.507,3.498,3.503,15791749
20260212T142500,3.503,3.503,3.499,3.499,10153900
20260212T143000,3.499,3.500,3.496,3.499,9217500
20260212T143500,3.499,3.517,3.498,3.515,58861528
20260212T144000,3.514,3.535,3.514,3.528,86153496
20260212T144500,3.529,3.529,3.513,3.515,39344800
20260212T145000,3.516,3.529,3.514,3.527,43226476
20260212T145500,3.528,3.536,3.524,3.531,67337496
20260212T150000,3.531,3.541,3.531,3.539,79647480
20260213T103500,3.552,3.594,3.530,3.569,135394416
20260213T104000,3.569,3.598,3.567,3.590,69154728
20260213T104500,3.591,3.639,3.591,3.609,139350864
20260213T105000,3.608,3.634,3.608,3.626,83879296
20260213T105500,3.626,3.630,3.614,3.623,46596996
20260213T110000,3.623,3.627,3.616,3.619,21398996
20260213T110500,3.620,3.628,3.620,3.627,32373162
20260213T111000,3.628,3.631,3.620,3.621,30063600
20260213T111500,3.621,3.629,3.621,3.626,20015400
20260213T112000,3.627,3.628,3.623,3.625,11651400
20260213T112500,3.625,3.625,3.613,3.618,21625400
20260213T113000,3.618,3.624,3.617,3.622,21028700
20260213T130500,3.626,3.650,3.626,3.644,89052192
20260213T131000,3.645,3.660,3.643,3.653,67323056
20260213T131500,3.653,3.653,3.644,3.651,28836116
20260213T132000,3.651,3.651,3.641,3.646,20109500
20260213T132500,3.646,3.648,3.640,3.640,16335900
20260213T133000,3.640,3.640,3.623,3.627,36514600
20260213T133500,3.628,3.639,3.627,3.639,27144200
20260213T134000,3.639,3.641,3.634,3.641,18882000
20260213T134500,3.642,3.642,3.637,3.638,16214257
20260213T135000,3.637,3.638,3.633,3.637,13582913
20260213T135500,3.637,3.638,3.625,3.626,16215200
20260213T140000,3.626,3.631,3.624,3.624,15572000
20260213T140500,3.624,3.624,3.605,3.605,39816100
20260213T141000,3.604,3.604,3.583,3.594,52612200
20260213T141500,3.595,3.610,3.595,3.597,40444500
20260213T142000,3.598,3.605,3.597,3.601,19212800
20260213T142500,3.601,3.601,3.594,3.594,12888900
20260213T143000,3.594,3.609,3.594,3.609,20995700
20260213T143500,3.609,3.629,3.609,3.625,57686520
20260213T144000,3.626,3.627,3.598,3.604,38173800
20260213T144500,3.604,3.611,3.603,3.608,23618000
20260213T145000,3.607,3.617,3.594,3.617,31360514
20260213T145500,3.619,3.623,3.611,3.613,41033512
20260213T150000,3.614,3.614,3.600,3.603,42033400
20260224T103500,3.722,3.819,3.710,3.742,143561632
20260224T104000,3.744,3.782,3.735,3.763,114157408
20260224T104500,3.763,3.769,3.743,3.745,51211928
20260224T105000,3.747,3.764,3.746,3.761,43276616
20260224T105500,3.763,3.768,3.758,3.762,26385600
20260224T110000,3.762,3.770,3.760,3.770,22723216
20260224T110500,3.770,3.771,3.764,3.768,21201600
20260224T111000,3.767,3.768,3.760,3.766,12558600
20260224T111500,3.766,3.767,3.763,3.766,7401500
20260224T112000,3.766,3.781,3.765,3.772,43041816
20260224T112500,3.771,3.777,3.770,3.774,15133347
20260224T113000,3.774,3.781,3.771,3.778,22331900
20260224T130500,3.780,3.812,3.780,3.802,74358504
20260224T131000,3.802,3.804,3.793,3.793,28184400
20260224T131500,3.792,3.803,3.791,3.802,19048000
20260224T132000,3.802,3.802,3.791,3.794,15744900
20260224T132500,3.795,3.796,3.784,3.784,14392800
20260224T133000,3.784,3.791,3.784,3.790,15081600
20260224T133500,3.790,3.790,3.785,3.788,9146300
20260224T134000,3.788,3.790,3.786,3.787,6661610
20260224T134500,3.787,3.787,3.779,3.785,14649592
20260224T135000,3.784,3.788,3.782,3.782,7539000
20260224T135500,3.782,3.790,3.782,3.790,9560816
20260224T140000,3.791,3.792,3.786,3.788,11243600
20260224T140500,3.788,3.789,3.786,3.789,5034416
20260224T141000,3.789,3.789,3.784,3.786,4063400
20260224T141500,3.786,3.790,3.784,3.790,7569216
20260224T142000,3.791,3.791,3.784,3.787,9521700
20260224T142500,3.787,3.795,3.786,3.793,17594700
20260224T143000,3.793,3.800,3.790,3.796,18826800
20260224T143500,3.795,3.801,3.791,3.800,23300616
20260224T144000,3.800,3.808,3.800,3.801,27674800
20260224T144500,3.800,3.804,3.797,3.802,13057445
20260224T145000,3.802,3.807,3.801,3.806,19645390
20260224T145500,3.806,3.846,3.806,3.833,76564928
20260224T150000,3.834,3.858,3.834,3.851,68849176
20260225T103500,4.074,4.074,3.851,4.009,167764224
20260225T104000,4.010,4.020,3.991,3.997,81024648
20260225T104500,3.997,4.003,3.996,3.999,29093204
20260225T105000,4.000,4.000,3.990,3.992,26196200
20260225T105500,3.991,3.994,3.974,3.991,46991744
20260225T110000,3.990,3.994,3.986,3.994,17393212
20260225T110500,3.994,4.000,3.991,3.993,21150192
20260225T111000,3.993,3.995,3.991,3.992,7791619
20260225T111500,3.993,3.998,3.992,3.995,14910709
20260225T112000,3.995,3.995,3.993,3.994,7474325
20260225T112500,3.994,3.994,3.992,3.992,7053807
20260225T113000,3.992,3.993,3.989,3.993,11724468
20260225T130500,3.993,4.005,3.993,4.000,36895476
20260225T131000,3.999,4.000,3.995,3.996,10140100
20260225T131500,3.997,3.997,3.994,3.995,7269300
20260225T132000,3.995,4.000,3.995,3.997,8687300
20260225T132500,3.997,4.000,3.994,3.998,9434677
20260225T133000,3.998,3.999,3.995,3.997,6561800
20260225T133500,3.997,3.997,3.990,3.992,10868900
20260225T134000,3.992,3.993,3.980,3.982,15415300
20260225T134500,3.981,3.984,3.966,3.973,38257836
20260225T135000,3.973,3.976,3.937,3.941,34439900
20260225T135500,3.940,3.950,3.926,3.938,57242784
20260225T140000,3.937,3.938,3.875,3.906,67797024
20260225T140500,3.907,3.948,3.907,3.915,51527160
20260225T141000,3.916,3.939,3.916,3.928,31343220
20260225T141500,3.929,3.930,3.905,3.913,28954700
20260225T142000,3.914,3.929,3.914,3.921,21778056
20260225T142500,3.920,3.922,3.916,3.919,12077356
20260225T143000,3.919,3.938,3.917,3.938,24635656
20260225T143500,3.939,3.951,3.936,3.951,48629832
20260225T144000,3.952,3.985,3.945,3.979,61051800
20260225T144500,3.980,3.992,3.975,3.975,59935300
20260225T145000,3.975,3.980,3.953,3.953,25376800
20260225T145500,3.953,3.959,3.925,3.955,60230300
20260225T150000,3.953,3.959,3.934,3.941,44181000
20260226T103500,4.099,4.100,4.010,4.040,139580672
20260226T104000,4.038,4.079,4.025,4.066,88598400
20260226T104500,4.066,4.087,4.057,4.083,87945024
20260226T105000,4.084,4.150,4.084,4.116,140951808
20260226T105500,4.115,4.140,4.110,4.131,74465320
20260226T110000,4.130,4.131,4.112,4.124,39428616
20260226T110500,4.125,4.130,4.115,4.115,29626816
20260226T111000,4.114,4.127,4.114,4.126,26388800
20260226T111500,4.124,4.131,4.122,4.123,25846710
20260226T112000,4.123,4.124,4.120,4.122,11958600
20260226T112500,4.121,4.126,4.121,4.123,14207784
20260226T113000,4.123,4.132,4.122,4.131,29396994
20260226T130500,4.139,4.165,4.139,4.158,83470000
20260226T131000,4.159,4.195,4.152,4.195,68641112
20260226T131500,4.193,4.313,4.186,4.265,161951696
20260226T132000,4.259,4.274,4.245,4.262,99828288
20260226T132500,4.261,4.262,4.248,4.251,49067800
20260226T133000,4.251,4.255,4.241,4.255,35243600
20260226T133500,4.255,4.255,4.224,4.228,42001600
20260226T134000,4.231,4.243,4.231,4.236,37529700
20260226T134500,4.236,4.272,4.236,4.259,76252072
20260226T135000,4.259,4.280,4.259,4.269,82737592
20260226T135500,4.268,4.272,4.257,4.259,35775212
20260226T140000,4.258,4.268,4.257,4.265,24598222
20260226T140500,4.265,4.276,4.261,4.275,36613708
20260226T141000,4.274,4.274,4.268,4.270,31052312
20260226T141500,4.270,4.272,4.262,4.271,19038500
20260226T142000,4.271,4.281,4.269,4.278,48444608
20260226T142500,4.279,4.306,4.279,4.295,85784296
20260226T143000,4.296,4.312,4.294,4.312,51358012
20260226T143500,4.312,4.324,4.307,4.322,68352120
20260226T144000,4.321,4.321,4.291,4.291,38517812
20260226T144500,4.290,4.312,4.287,4.308,46204900
20260226T145000,4.309,4.315,4.307,4.311,28678600
20260226T145500,4.311,4.329,4.310,4.323,54937960
20260226T150000,4.324,4.330,4.297,4.321,54778672
20260227T130500,4.321,4.321,4.148,4.232,159235328
20260227T131000,4.230,4.310,4.199,4.293,131375920
20260227T131500,4.295,4.650,4.295,4.513,238840496
20260227T132000,4.500,4.526,4.476,4.508,132999648
20260227T132500,4.507,4.516,4.501,4.504,55347380
20260227T133000,4.504,4.567,4.504,4.567,109338712
20260227T133500,4.570,4.634,4.556,4.593,174057568
20260227T134000,4.593,4.612,4.593,4.597,74547504
20260227T134500,4.597,4.603,4.545,4.584,73082936
20260227T135000,4.585,4.595,4.556,4.576,65410200
20260227T135500,4.579,4.583,4.541,4.552,60626128
20260227T140000,4.551,4.584,4.546,4.561,78150320
20260227T140500,4.562,4.562,4.549,4.554,33363700
20260227T141000,4.556,4.573,4.553,4.566,52231512
20260227T141500,4.565,4.565,4.552,4.553,27056500
20260227T142000,4.553,4.556,4.484,4.484,73657904
20260227T142500,4.489,4.528,4.381,4.384,150481936
20260227T143000,4.394,4.470,4.394,4.425,118039856
20260227T143500,4.423,4.428,4.285,4.296,129705424
20260227T144000,4.298,4.410,4.289,4.410,125324912
20260227T144500,4.413,4.433,4.362,4.400,133525528
20260227T145000,4.400,4.421,4.326,4.355,104583584
20260227T145500,4.357,4.392,4.334,4.334,86079256
20260227T150000,4.333,4.333,4.248,4.256,117853408
20260302T130500,3.830,4.363,3.830,4.334,166296144
20260302T131000,4.338,4.348,4.320,4.324,82698296
20260302T131500,4.324,4.324,4.191,4.247,121419624
20260302T132000,4.243,4.314,4.235,4.292,93836264
20260302T132500,4.292,4.312,4.292,4.297,69740704
20260302T133000,4.296,4.296,4.261,4.284,56929428
20260302T133500,4.282,4.284,4.264,4.270,26586500
20260302T134000,4.271,4.283,4.269,4.276,30766092
20260302T134500,4.275,4.275,4.266,4.267,21287324
20260302T135000,4.266,4.267,4.240,4.259,43005712
20260302T135500,4.260,4.269,4.257,4.259,21174444
20260302T140000,4.259,4.260,4.245,4.253,24677256
20260302T140500,4.253,4.254,4.217,4.217,32499040
20260302T141000,4.217,4.235,4.216,4.221,33373316
20260302T141500,4.222,4.224,4.156,4.175,75847800
20260302T142000,4.177,4.229,4.177,4.208,63535000
20260302T142500,4.212,4.223,4.183,4.186,41760900
20260302T143000,4.188,4.201,4.174,4.200,38818268
20260302T143500,4.199,4.199,4.170,4.177,31251100
20260302T144000,4.177,4.177,4.143,4.143,55248552
20260302T144500,4.140,4.140,4.102,4.116,68786504
20260302T145000,4.114,4.135,4.109,4.109,47709928
20260302T145500,4.110,4.110,4.050,4.070,82503856
20260302T150000,4.070,4.115,4.070,4.103,69881392
20260303T103500,3.939,4.050,3.921,3.962,135559296
20260303T104000,3.970,3.970,3.901,3.933,92143456
20260303T104500,3.937,3.972,3.934,3.972,84337872
20260303T105000,3.972,3.973,3.947,3.954,39886772
20260303T105500,3.955,3.955,3.933,3.953,32911788
20260303T110000,3.953,3.953,3.938,3.941,18210076
20260303T110500,3.942,3.958,3.939,3.949,31826348
20260303T111000,3.949,3.949,3.937,3.938,20869600
20260303T111500,3.938,3.940,3.921,3.924,26288192
20260303T112000,3.925,3.938,3.923,3.925,21806600
20260303T112500,3.925,3.925,3.910,3.913,22825750
20260303T113000,3.913,3.916,3.864,3.870,49590680
20260303T130500,3.868,3.868,3.814,3.837,83579536
20260303T131000,3.839,3.865,3.835,3.862,56928300
20260303T131500,3.862,3.862,3.838,3.843,30507800
20260303T132000,3.843,3.846,3.813,3.818,36430800
20260303T132500,3.818,3.826,3.817,3.826,26344068
20260303T133000,3.828,3.829,3.819,3.820,19414680
20260303T133500,3.820,3.838,3.819,3.819,26083024
20260303T134000,3.818,3.818,3.775,3.784,50040784
20260303T134500,3.784,3.786,3.771,3.779,35427132
20260303T135000,3.781,3.784,3.750,3.752,27015456
20260303T135500,3.750,3.750,3.714,3.714,55747024
20260303T140000,3.711,3.732,3.703,3.726,43003608
20260303T140500,3.726,3.793,3.719,3.785,71304064
20260303T141000,3.783,3.783,3.736,3.749,34411044
20260303T141500,3.750,3.758,3.743,3.748,19782060
20260303T142000,3.746,3.748,3.718,3.735,23820772
20260303T142500,3.735,3.758,3.731,3.748,30036988
20260303T143000,3.748,3.791,3.740,3.775,46213448
20260303T143500,3.778,3.842,3.778,3.796,95706416
20260303T144000,3.795,3.795,3.761,3.766,36956852
20260303T144500,3.766,3.803,3.763,3.780,44857272
20260303T145000,3.780,3.790,3.766,3.771,34573024
20260303T145500,3.770,3.787,3.761,3.779,35471576
20260303T150000,3.779,3.785,3.760,3.780,52961160
20260304T103500,3.700,3.739,3.611,3.684,131090896
20260304T104000,3.683,3.696,3.585,3.633,98183920
20260304T104500,3.635,3.649,3.598,3.617,64867404
20260304T105000,3.617,3.669,3.611,3.655,65136500
20260304T105500,3.656,3.721,3.656,3.666,95753288
20260304T110000,3.666,3.692,3.629,3.675,60090068
20260304T110500,3.675,3.676,3.639,3.639,33930256
20260304T111000,3.637,3.662,3.635,3.654,36435824
20260304T111500,3.654,3.661,3.643,3.648,22567788
20260304T112000,3.647,3.665,3.639,3.658,26015000
20260304T112500,3.660,3.672,3.653,3.661,37033200
20260304T113000,3.662,3.662,3.630,3.630,24857800
20260304T130500,3.646,3.665,3.644,3.646,43296776
20260304T131000,3.646,3.665,3.636,3.657,30197400
20260304T131500,3.657,3.687,3.657,3.665,66919600
20260304T132000,3.665,3.716,3.663,3.702,87893752
20260304T132500,3.702,3.711,3.683,3.683,49659376
20260304T133000,3.683,3.691,3.677,3.681,27608884
20260304T133500,3.681,3.693,3.669,3.689,28494240
20260304T134000,3.689,3.712,3.677,3.712,45381700
20260304T134500,3.713,3.713,3.692,3.695,44168100
20260304T135000,3.697,3.718,3.695,3.704,47251500
20260304T135500,3.704,3.725,3.704,3.720,55157260
20260304T140000,3.720,3.818,3.712,3.811,81989008
20260304T140500,3.811,3.870,3.786,3.805,198070480
20260304T141000,3.800,3.806,3.782,3.790,83493712
20260304T141500,3.789,3.789,3.755,3.769,59014708
20260304T142000,3.769,3.811,3.768,3.800,70158296
20260304T142500,3.801,3.806,3.753,3.779,55759012
20260304T143000,3.780,3.794,3.775,3.790,39787124
20260304T143500,3.791,3.834,3.790,3.815,122073040
20260304T144000,3.819,3.827,3.804,3.813,63661200
20260304T144500,3.813,3.813,3.780,3.780,40872112
20260304T145000,3.776,3.799,3.776,3.785,28656900
20260304T145500,3.786,3.789,3.757,3.769,39769256
20260304T150000,3.768,3.789,3.766,3.787,48582988
20260305T103500,4.100,4.166,3.980,4.084,240911280
20260305T104000,4.084,4.087,4.048,4.064,125958360
20260305T104500,4.067,4.068,4.045,4.057,65954076
20260305T105000,4.059,4.066,4.055,4.059,55747412
20260305T105500,4.059,4.061,4.051,4.052,26750720
20260305T110000,4.053,4.061,4.052,4.061,25687724
20260305T110500,4.061,4.063,4.056,4.059,21328848
20260305T111000,4.059,4.061,4.056,4.056,14802300
20260305T111500,4.057,4.057,4.046,4.051,28630200
20260305T112000,4.051,4.055,4.051,4.052,11083500
20260305T112500,4.053,4.053,4.047,4.047,13402800
20260305T113000,4.047,4.054,4.046,4.053,19662300
20260305T130500,4.054,4.079,4.054,4.064,73587088
20260305T131000,4.064,4.072,4.057,4.069,44576372
20260305T131500,4.070,4.077,4.066,4.067,47922864
20260305T132000,4.067,4.067,4.059,4.061,20403548
20260305T132500,4.060,4.063,4.058,4.060,13059150
20260305T133000,4.059,4.061,4.057,4.059,9333400
20260305T133500,4.059,4.060,4.058,4.058,9065500
20260305T134000,4.058,4.058,4.052,4.053,15042120
20260305T134500,4.053,4.054,4.050,4.052,11583702
20260305T135000,4.052,4.052,4.050,4.051,9528190
20260305T135500,4.051,4.052,4.013,4.025,45103056
20260305T140000,4.025,4.051,4.023,4.038,39698500
20260305T140500,4.037,4.037,4.016,4.016,26514900
20260305T141000,4.015,4.025,3.989,3.993,50182800
20260305T141500,3.994,4.005,3.973,3.984,70255608
20260305T142000,3.985,4.012,3.985,4.003,55451772
20260305T142500,4.004,4.004,3.984,4.002,25716300
20260305T143000,4.002,4.048,4.001,4.039,77701504
20260305T143500,4.042,4.042,4.003,4.018,46687652
20260305T144000,4.017,4.021,4.005,4.016,33403096
20260305T144500,4.016,4.043,4.010,4.023,53386552
20260305T145000,4.024,4.039,4.018,4.023,48432080
20260305T145500,4.025,4.069,4.025,4.068,94910680
20260305T150000,4.070,4.104,4.068,4.099,142366640
20260306T103500,4.101,4.179,4.002,4.098,169542656
20260306T104000,4.096,4.096,4.017,4.027,110227208
20260306T104500,4.025,4.076,4.010,4.064,88106864
20260306T105000,4.066,4.102,4.056,4.088,88528168
20260306T105500,4.088,4.096,4.073,4.082,39467576
20260306T110000,4.084,4.084,4.066,4.076,29207936
20260306T110500,4.075,4.087,4.071,4.087,29049600
20260306T111000,4.084,4.094,4.083,4.088,36440900
20260306T111500,4.089,4.091,4.076,4.078,20466348
20260306T112000,4.079,4.082,4.071,4.073,20003700
20260306T112500,4.073,4.082,4.073,4.081,13900200
20260306T113000,4.080,4.083,4.078,4.082,12835400
20260306T130500,4.085,4.117,4.085,4.108,102063056
20260306T131000,4.109,4.148,4.109,4.148,138048288
20260306T131500,4.149,4.198,4.148,4.182,204698544
20260306T132000,4.183,4.188,4.149,4.158,119987768
20260306T132500,4.158,4.167,4.142,4.144,70332600
20260306T133000,4.145,4.163,4.145,4.159,62582224
20260306T133500,4.159,4.181,4.158,4.178,89820216
20260306T134000,4.177,4.189,4.164,4.184,89714824
20260306T134500,4.185,4.189,4.175,4.182,54557200
20260306T135000,4.181,4.182,4.161,4.167,48159284
20260306T135500,4.167,4.179,4.167,4.177,35538972
20260306T140000,4.177,4.179,4.168,4.179,29922840
20260306T140500,4.179,4.183,4.176,4.179,49077084
20260306T141000,4.178,4.178,4.171,4.173,23607840
20260306T141500,4.172,4.173,4.151,4.157,36543084
20260306T142000,4.159,4.170,4.154,4.170,33621584
20260306T142500,4.170,4.171,4.156,4.158,21625600
20260306T143000,4.158,4.172,4.158,4.166,29214184
20260306T143500,4.166,4.168,4.155,4.157,22834400
20260306T144000,4.157,4.165,4.156,4.158,18429600
20260306T144500,4.159,4.159,4.131,4.144,59252272
20260306T145000,4.144,4.162,4.141,4.155,47653304
20260306T145500,4.156,4.156,4.136,4.136,39794900
20260306T150000,4.136,4.144,4.124,4.132,61568492
20260309T103500,3.806,3.925,3.806,3.891,185164288
20260309T104000,3.891,3.964,3.889,3.958,116837264
20260309T104500,3.955,4.002,3.955,3.989,114384992
20260309T105000,3.986,3.986,3.952,3.954,47825600
20260309T105500,3.955,3.969,3.935,3.967,57630592
20260309T110000,3.966,3.966,3.956,3.956,23494700
20260309T110500,3.956,3.977,3.954,3.965,28180296
20260309T111000,3.966,3.968,3.957,3.964,16999200
20260309T111500,3.964,3.966,3.950,3.950,14133600
20260309T112000,3.950,3.959,3.945,3.953,20172300
20260309T112500,3.954,3.960,3.945,3.954,19487296
20260309T113000,3.952,3.955,3.947,3.954,12526100
20260309T130500,3.955,3.955,3.900,3.928,71243168
20260309T131000,3.928,3.959,3.927,3.956,49221600
20260309T131500,3.956,3.957,3.941,3.946,23873844
20260309T132000,3.946,3.948,3.939,3.939,13508598
20260309T132500,3.939,3.974,3.935,3.966,56931856
20260309T133000,3.966,3.983,3.963,3.970,59258176
20260309T133500,3.969,3.994,3.968,3.986,64653076
20260309T134000,3.987,4.039,3.987,3.997,103144136
20260309T134500,3.998,4.026,3.998,4.018,56782576
20260309T135000,4.020,4.021,4.006,4.016,32419618
20260309T135500,4.017,4.026,4.011,4.024,38572048
20260309T140000,4.024,4.025,4.011,4.020,29445262
20260309T140500,4.020,4.023,4.003,4.003,26231278
20260309T141000,4.002,4.014,4.001,4.008,23967800
20260309T141500,4.007,4.015,4.007,4.012,16937792
20260309T142000,4.011,4.013,3.981,3.995,33295400
20260309T142500,3.996,4.005,3.989,4.000,26809500
20260309T143000,3.999,4.001,3.987,3.993,15592600
20260309T143500,3.992,4.016,3.989,4.014,43156796
20260309T144000,4.015,4.016,4.000,4.005,24690496
20260309T144500,4.005,4.007,3.995,3.995,18355000
20260309T145000,3.994,3.997,3.991,3.995,19840598
20260309T145500,3.996,3.999,3.990,3.990,27561500
20260309T150000,3.990,3.997,3.973,3.995,52378328
20260310T103500,4.395,4.395,4.168,4.203,219189648
20260310T104000,4.202,4.205,4.182,4.195,96682280
20260310T104500,4.195,4.199,4.183,4.185,50951000
20260310T105000,4.185,4.185,4.161,4.175,73342104
20260310T105500,4.175,4.175,4.143,4.149,56846700
20260310T110000,4.148,4.165,4.137,4.160,63465200
20260310T110500,4.159,4.174,4.155,4.161,51537000
20260310T111000,4.161,4.167,4.149,4.149,25586100
20260310T111500,4.150,4.157,4.149,4.150,19051474
20260310T112000,4.150,4.162,4.143,4.158,30931502
20260310T112500,4.159,4.170,4.154,4.157,38548600
20260310T113000,4.156,4.161,4.150,4.161,22897766
20260310T130500,4.159,4.163,4.150,4.162,38761888
20260310T131000,4.162,4.162,4.152,4.155,16477333
20260310T131500,4.155,4.162,4.154,4.159,22560996
20260310T132000,4.158,4.158,4.153,4.156,12307863
20260310T132500,4.155,4.158,4.151,4.154,16148100
20260310T133000,4.154,4.156,4.153,4.153,12087701
20260310T133500,4.152,4.153,4.146,4.153,18940200
20260310T134000,4.152,4.152,4.146,4.149,9991700
20260310T134500,4.149,4.153,4.148,4.153,11542201
20260310T135000,4.154,4.164,4.152,4.153,39726400
20260310T135500,4.152,4.161,4.151,4.155,19667132
20260310T140000,4.155,4.161,4.154,4.160,13882969
20260310T140500,4.161,4.173,4.159,4.171,55453300
20260310T141000,4.171,4.171,4.156,4.158,29136800
20260310T141500,4.158,4.159,4.153,4.156,16955262
20260310T142000,4.156,4.158,4.154,4.156,12028500
20260310T142500,4.156,4.157,4.153,4.155,10872871
20260310T143000,4.156,4.160,4.154,4.158,17329300
20260310T143500,4.157,4.158,4.152,4.155,15370702
20260310T144000,4.155,4.156,4.152,4.152,9956000
20260310T144500,4.153,4.161,4.151,4.157,28033004
20260310T145000,4.156,4.158,4.151,4.151,19804680
20260310T145500,4.151,4.151,4.125,4.136,61285600
20260310T150000,4.135,4.137,4.126,4.129,52206472
20260311T103500,4.200,4.230,4.150,4.170,161803584
20260311T104000,4.169,4.169,4.142,4.152,74923696
20260311T104500,4.153,4.160,4.150,4.158,42951000
20260311T105000,4.158,4.159,4.153,4.157,17947150
20260311T105500,4.157,4.157,4.153,4.156,11851000
20260311T110000,4.156,4.156,4.151,4.154,13225300
20260311T110500,4.153,4.154,4.145,4.147,16063522
20260311T111000,4.147,4.147,4.132,4.133,30327372
20260311T111500,4.133,4.142,4.125,4.132,31152000
20260311T112000,4.133,4.135,4.126,4.131,22973122
20260311T112500,4.131,4.132,4.097,4.097,33642400
20260311T113000,4.100,4.112,4.095,4.105,41693120
20260311T130500,4.108,4.142,4.108,4.123,50171072
20260311T131000,4.123,4.126,4.107,4.108,22735688
20260311T131500,4.107,4.111,4.101,4.103,20267400
20260311T132000,4.102,4.110,4.096,4.109,23031700
20260311T132500,4.110,4.119,4.102,4.107,22007940
20260311T133000,4.107,4.111,4.102,4.103,10514100
20260311T133500,4.102,4.102,4.083,4.084,22716100
20260311T134000,4.083,4.084,4.068,4.076,42659068
20260311T134500,4.076,4.076,4.039,4.048,52049292
20260311T135000,4.046,4.048,4.009,4.048,70480720
20260311T135500,4.047,4.047,4.023,4.024,33661800
20260311T140000,4.023,4.028,4.012,4.013,27592700
20260311T140500,4.012,4.034,4.011,4.034,35873952
20260311T141000,4.036,4.061,4.030,4.049,53777824
20260311T141500,4.049,4.053,4.033,4.049,33098052
20260311T142000,4.051,4.056,4.038,4.044,33166000
20260311T142500,4.044,4.045,4.038,4.043,13824634
20260311T143000,4.043,4.044,4.038,4.038,10729339
20260311T143500,4.039,4.039,4.023,4.033,20522668
20260311T144000,4.034,4.036,4.026,4.026,14869200
20260311T144500,4.026,4.030,4.022,4.022,17758740
20260311T145000,4.022,4.033,4.015,4.032,24301500
20260311T145500,4.033,4.043,4.033,4.034,40831312
20260311T150000,4.033,4.047,4.032,4.037,42095096
20260312T103500,4.037,4.037,3.973,3.979,96123256
20260312T104000,3.978,3.978,3.938,3.945,63824320
20260312T104500,3.944,3.956,3.939,3.946,41354960
20260312T105000,3.946,3.958,3.946,3.948,30257378
20260312T105500,3.948,3.953,3.945,3.945,14854357
20260312T110000,3.944,3.952,3.942,3.949,16608243
20260312T110500,3.949,3.950,3.941,3.942,14612600
20260312T111000,3.941,3.951,3.941,3.945,17465776
20260312T111500,3.945,3.946,3.941,3.941,8811543
20260312T112000,3.941,3.942,3.931,3.942,20760532
20260312T112500,3.942,3.942,3.936,3.937,9743178
20260312T113000,3.938,3.940,3.933,3.939,7775571
20260312T130500,3.938,3.962,3.933,3.962,38317300
20260312T131000,3.964,3.977,3.954,3.964,66025360
20260312T131500,3.963,3.964,3.950,3.950,27563504
20260312T132000,3.951,3.955,3.944,3.945,20197500
20260312T132500,3.944,3.951,3.942,3.948,12750400
20260312T133000,3.948,3.948,3.945,3.946,8036929
20260312T133500,3.946,3.958,3.946,3.947,18029740
20260312T134000,3.947,3.954,3.947,3.948,12034670
20260312T134500,3.948,3.966,3.948,3.961,30433012
20260312T135000,3.961,3.961,3.951,3.953,14761599
20260312T135500,3.953,3.956,3.948,3.955,12974448
20260312T140000,3.954,3.955,3.949,3.953,10500400
20260312T140500,3.952,3.955,3.948,3.948,9890800
20260312T141000,3.949,3.953,3.949,3.950,5308204
20260312T141500,3.951,3.951,3.945,3.947,8021300
20260312T142000,3.947,3.949,3.944,3.948,6598500
20260312T142500,3.948,3.953,3.947,3.952,8372200
20260312T143000,3.952,3.953,3.948,3.952,7018300
20260312T143500,3.952,3.976,3.949,3.972,42243988
20260312T144000,3.975,3.975,3.956,3.958,33944256
20260312T144500,3.958,3.972,3.958,3.969,24002028
20260312T145000,3.970,3.980,3.967,3.969,38340000
20260312T145500,3.969,3.995,3.969,3.990,52515960
20260312T150000,3.991,3.999,3.989,3.996,55105260
20260313T103500,3.920,4.033,3.920,4.032,159893792
20260313T104000,4.033,4.069,4.033,4.041,150141808
20260313T104500,4.041,4.048,4.024,4.030,70632888
20260313T105000,4.029,4.037,4.025,4.036,38278704
20260313T105500,4.036,4.037,4.016,4.017,35030628
20260313T110000,4.016,4.016,4.001,4.013,48537680
20260313T110500,4.013,4.019,4.006,4.013,21971834
20260313T111000,4.013,4.017,4.007,4.012,18223254
20260313T111500,4.012,4.013,4.003,4.003,14973400
20260313T112000,4.003,4.003,3.986,3.992,32133300
20260313T112500,3.994,4.000,3.985,4.000,22756162
20260313T113000,3.998,4.002,3.995,4.001,19080442
20260313T130500,4.001,4.011,3.996,3.998,31289554
20260313T131000,3.998,4.005,3.994,4.003,16211500
20260313T131500,4.004,4.004,3.998,3.998,6854900
20260313T132000,3.998,3.998,3.977,3.986,22421000
20260313T132500,3.984,3.988,3.977,3.977,25916800
20260313T133000,3.978,3.978,3.958,3.968,33134096
20260313T133500,3.966,3.985,3.964,3.981,26653592
20260313T134000,3.981,3.984,3.975,3.981,21176396
20260313T134500,3.981,3.981,3.971,3.971,12850700
20260313T135000,3.970,3.975,3.967,3.967,10584000
20260313T135500,3.968,3.971,3.963,3.966,12191300
20260313T140000,3.967,3.970,3.961,3.970,11360688
20260313T140500,3.969,3.971,3.962,3.963,10206296
20260313T141000,3.962,3.962,3.952,3.961,18691196
20260313T141500,3.961,3.970,3.960,3.964,15761696
20260313T142000,3.965,3.965,3.956,3.963,8348504
20260313T142500,3.964,3.967,3.960,3.964,10224596
20260313T143000,3.964,3.982,3.961,3.974,32258022
20260313T143500,3.974,3.994,3.972,3.982,44507688
20260313T144000,3.981,3.981,3.970,3.974,18780500
20260313T144500,3.973,3.978,3.967,3.972,15948300
20260313T145000,3.972,3.983,3.971,3.983,18717558
20260313T145500,3.984,4.010,3.984,3.997,70561952
20260313T150000,3.997,3.997,3.987,3.992,39517256
20260316T103500,3.930,4.019,3.672,3.943,103340000
20260316T104000,3.939,3.939,3.907,3.921,72370096
20260316T104500,3.921,3.923,3.851,3.855,63983500
20260316T105000,3.855,3.896,3.855,3.888,58879664
20260316T105500,3.886,3.901,3.868,3.899,43092780
20260316T110000,3.902,3.918,3.895,3.899,48719800
20260316T110500,3.899,3.901,3.888,3.898,19833740
20260316T111000,3.898,3.899,3.882,3.891,15308300
20260316T111500,3.894,3.899,3.889,3.893,10084370
20260316T112000,3.893,3.909,3.892,3.905,20616860
20260316T112500,3.905,3.932,3.895,3.932,23927570
20260316T113000,3.929,3.973,3.921,3.970,87752952
20260316T130500,3.982,4.050,3.982,4.034,163139008
20260316T131000,4.034,4.037,4.013,4.027,72880752
20260316T131500,4.025,4.048,4.023,4.045,89782328
20260316T132000,4.046,4.089,4.046,4.081,156441456
20260316T132500,4.080,4.123,4.056,4.113,157612128
20260316T133000,4.115,4.200,4.115,4.125,229748368
20260316T133500,4.126,4.159,4.095,4.107,150654560
20260316T134000,4.104,4.133,4.085,4.126,116902160
20260316T134500,4.126,4.133,4.120,4.125,61997972
20260316T135000,4.125,4.126,4.103,4.122,53111372
20260316T135500,4.124,4.130,4.112,4.121,53439944
20260316T140000,4.120,4.124,4.115,4.119,31143762
20260316T140500,4.119,4.119,4.086,4.086,37713100
20260316T141000,4.086,4.110,4.086,4.106,57539300
20260316T141500,4.105,4.122,4.105,4.115,50068248
20260316T142000,4.114,4.118,4.105,4.113,31559210
20260316T142500,4.116,4.117,4.107,4.111,22159644
20260316T143000,4.111,4.111,4.095,4.098,30889528
20260316T143500,4.098,4.109,4.098,4.100,23786070
20260316T144000,4.100,4.100,4.060,4.073,66605900
20260316T144500,4.070,4.094,4.069,4.090,45782200
20260316T145000,4.089,4.108,4.081,4.108,36220240
20260316T145500,4.108,4.123,4.105,4.109,82920408
20260316T150000,4.106,4.108,4.097,4.105,72675664
20260317T103500,4.150,4.199,4.133,4.178,227473008
20260317T104000,4.179,4.185,4.159,4.168,96560096
20260317T104500,4.167,4.168,4.148,4.151,59739900
20260317T105000,4.151,4.164,4.151,4.162,42457860
20260317T105500,4.163,4.166,4.148,4.148,39127404
20260317T110000,4.147,4.152,4.141,4.141,43056104
20260317T110500,4.141,4.141,4.122,4.131,53767400
20260317T111000,4.131,4.131,4.110,4.129,47121800
20260317T111500,4.129,4.137,4.124,4.128,42788528
20260317T112000,4.127,4.137,4.127,4.134,21943468
20260317T112500,4.134,4.134,4.121,4.125,19721232
20260317T113000,4.125,4.133,4.123,4.129,22416700
20260317T130500,4.130,4.132,4.110,4.112,34271512
20260317T131000,4.113,4.116,4.100,4.113,42920096
20260317T131500,4.113,4.115,4.092,4.106,32949612
20260317T132000,4.107,4.114,4.104,4.107,23132760
20260317T132500,4.107,4.110,4.096,4.110,22242460
20260317T133000,4.110,4.110,4.102,4.108,15527000
20260317T133500,4.108,4.108,4.102,4.103,12811907
20260317T134000,4.103,4.105,4.090,4.091,18972176
20260317T134500,4.092,4.094,4.067,4.077,52089200
20260317T135000,4.077,4.081,4.048,4.058,49376840
20260317T135500,4.059,4.061,4.033,4.052,43565800
20260317T140000,4.052,4.058,4.025,4.027,28229100
20260317T140500,4.026,4.032,3.983,3.990,59653300
20260317T141000,3.991,4.027,3.991,4.016,46384000
20260317T141500,4.016,4.053,4.016,4.035,67603944
20260317T142000,4.036,4.043,4.014,4.017,27760500
20260317T142500,4.016,4.024,4.001,4.014,26669768
20260317T143000,4.015,4.033,4.011,4.024,28508846
20260317T143500,4.025,4.035,4.013,4.030,28532900
20260317T144000,4.030,4.030,4.010,4.010,16856700
20260317T144500,4.011,4.022,4.011,4.012,20711500
20260317T145000,4.013,4.015,3.995,3.999,33688200
20260317T145500,3.999,4.002,3.981,3.984,40903000
20260317T150000,3.985,3.990,3.961,3.970,44212400
